/*
 Navicat Premium Data Transfer

 Source Server         : LOCALHOST
 Source Server Type    : MySQL
 Source Server Version : 100424 (10.4.24-MariaDB)
 Source Host           : localhost:3306
 Source Schema         : db_ems

 Target Server Type    : MySQL
 Target Server Version : 100424 (10.4.24-MariaDB)
 File Encoding         : 65001

 Date: 11/01/2025 12:24:40
*/

SET NAMES utf8mb4;
SET FOREIGN_KEY_CHECKS = 0;

-- ----------------------------
-- Table structure for _prisma_migrations
-- ----------------------------
DROP TABLE IF EXISTS `_prisma_migrations`;
CREATE TABLE `_prisma_migrations`  (
  `id` varchar(36) CHARACTER SET utf8mb4 COLLATE utf8mb4_unicode_ci NOT NULL,
  `checksum` varchar(64) CHARACTER SET utf8mb4 COLLATE utf8mb4_unicode_ci NOT NULL,
  `finished_at` datetime(3) NULL DEFAULT NULL,
  `migration_name` varchar(255) CHARACTER SET utf8mb4 COLLATE utf8mb4_unicode_ci NOT NULL,
  `logs` text CHARACTER SET utf8mb4 COLLATE utf8mb4_unicode_ci NULL,
  `rolled_back_at` datetime(3) NULL DEFAULT NULL,
  `started_at` datetime(3) NOT NULL DEFAULT current_timestamp(3),
  `applied_steps_count` int UNSIGNED NOT NULL DEFAULT 0,
  PRIMARY KEY (`id`) USING BTREE
) ENGINE = InnoDB CHARACTER SET = utf8mb4 COLLATE = utf8mb4_unicode_ci ROW_FORMAT = Dynamic;

-- ----------------------------
-- Records of _prisma_migrations
-- ----------------------------
INSERT INTO `_prisma_migrations` VALUES ('065cb4f7-31d3-408d-adb1-e1f369b24694', '24f927d1729d9c6c5834bd9771b1a091d21cd099aeba3e8a05a4bb60343e821a', '2024-12-30 03:39:40.383', '20241224041525_add_model_shift', NULL, NULL, '2024-12-30 03:39:40.327', 1);
INSERT INTO `_prisma_migrations` VALUES ('a723b6de-a1ba-4fec-8a1c-33138398d4e0', 'e7c2879caaf2011f09d0d4f48fb1f0891c64a1abe50b24ec3ccf5719fcd2691b', '2024-12-30 03:39:40.255', '20241221164523_update_access_model', NULL, NULL, '2024-12-30 03:39:39.967', 1);
INSERT INTO `_prisma_migrations` VALUES ('dd234bb9-03f0-4910-bad4-e84fd63bd75f', '34383c747bdac02e3a66f70c5a30e7e38a50015524a8ff6ddf642d76d27b9aa9', '2024-12-30 03:39:39.965', '20241221161617_init', NULL, NULL, '2024-12-30 03:39:39.769', 1);
INSERT INTO `_prisma_migrations` VALUES ('e360341e-319d-4ead-a7f6-8afd9e2e277e', 'b087642b2939a7767f9e25b50ef74d010d458425d5ced66d0780bd4381efc370', '2024-12-30 03:39:40.326', '20241222065110_update_user_model', NULL, NULL, '2024-12-30 03:39:40.257', 1);
INSERT INTO `_prisma_migrations` VALUES ('e5b9b529-4202-4ccf-a7d6-622162b5b63c', '32fb89f9436e69480114cf5d31ad9760162e44110a109e012a1e3e392f971526', '2024-12-30 03:39:54.971', '20241230033954_add_pegawai_history', NULL, NULL, '2024-12-30 03:39:54.828', 1);
INSERT INTO `_prisma_migrations` VALUES ('e7034b66-b05b-4466-ae3f-03f91c258203', '30d065ba5fefce5738eb305a2616b1aa1805043e53e895ff910941a3519abe1e', '2024-12-30 03:39:40.534', '20241230030955_add_pegawai_model', NULL, NULL, '2024-12-30 03:39:40.385', 1);

-- ----------------------------
-- Table structure for absen
-- ----------------------------
DROP TABLE IF EXISTS `absen`;
CREATE TABLE `absen`  (
  `id` int NOT NULL AUTO_INCREMENT,
  `tanggal` date NULL DEFAULT NULL,
  `absen_masuk` time NULL DEFAULT NULL,
  `absen_pulang` time NULL DEFAULT NULL,
  `late` int NOT NULL DEFAULT 0,
  `early` int NOT NULL DEFAULT 0,
  `bulan` int NOT NULL,
  `tahun` int NOT NULL,
  `latitude` varchar(191) CHARACTER SET utf8mb4 COLLATE utf8mb4_unicode_ci NULL DEFAULT NULL,
  `longitude` varchar(191) CHARACTER SET utf8mb4 COLLATE utf8mb4_unicode_ci NULL DEFAULT NULL,
  `ket_masuk` varchar(191) CHARACTER SET utf8mb4 COLLATE utf8mb4_unicode_ci NULL DEFAULT NULL,
  `ket_pulang` varchar(191) CHARACTER SET utf8mb4 COLLATE utf8mb4_unicode_ci NULL DEFAULT NULL,
  `is_manual` tinyint(1) NOT NULL DEFAULT 0,
  `pegawai_id` int NOT NULL,
  `shift_id` int NULL DEFAULT NULL,
  PRIMARY KEY (`id`) USING BTREE,
  INDEX `absen_pegawai_id_fkey`(`pegawai_id` ASC) USING BTREE,
  INDEX `absen_shift_id_fkey`(`shift_id` ASC) USING BTREE,
  CONSTRAINT `absen_pegawai_id_fkey` FOREIGN KEY (`pegawai_id`) REFERENCES `pegawai` (`id`) ON DELETE RESTRICT ON UPDATE CASCADE,
  CONSTRAINT `absen_shift_id_fkey` FOREIGN KEY (`shift_id`) REFERENCES `shift` (`id`) ON DELETE SET NULL ON UPDATE CASCADE
) ENGINE = InnoDB AUTO_INCREMENT = 471 CHARACTER SET = utf8mb4 COLLATE = utf8mb4_unicode_ci ROW_FORMAT = Dynamic;

-- ----------------------------
-- Records of absen
-- ----------------------------
INSERT INTO `absen` VALUES (1, '2025-01-02', '06:46:00', '20:00:13', 0, 0, 1, 2025, '1.0412354', '104.003348', NULL, NULL, 0, 467, 3);
INSERT INTO `absen` VALUES (2, '2025-01-02', '06:48:27', '18:01:33', 0, 0, 1, 2025, '1.0412531', '104.0033521', NULL, NULL, 0, 85, 3);
INSERT INTO `absen` VALUES (3, '2025-01-02', '07:02:07', '17:03:28', 0, 0, 1, 2025, '1.0409919', '104.0033203', NULL, NULL, 0, 491, 3);
INSERT INTO `absen` VALUES (4, '2025-01-02', '07:07:06', '18:15:00', 0, 0, 1, 2025, '1.0411924', '104.0033664', NULL, NULL, 0, 522, 3);
INSERT INTO `absen` VALUES (5, '2025-01-02', '07:09:23', '20:03:02', 0, 0, 1, 2025, '1.041092', '104.0033193', NULL, NULL, 0, 538, 3);
INSERT INTO `absen` VALUES (6, '2025-01-02', '07:09:36', '20:02:20', 0, 0, 1, 2025, '1.0410208', '104.0033845', NULL, NULL, 0, 514, 3);
INSERT INTO `absen` VALUES (7, '2025-01-02', '07:11:40', '20:00:45', 0, 0, 1, 2025, '1.040829', '104.0033435', NULL, NULL, 0, 539, 3);
INSERT INTO `absen` VALUES (8, '2025-01-02', '07:11:40', '20:00:20', 0, 0, 1, 2025, '1.0410813', '104.003355', NULL, NULL, 0, 536, 3);
INSERT INTO `absen` VALUES (9, '2025-01-02', '07:11:55', '20:02:17', 0, 0, 1, 2025, '1.0410960480430456', '104.00334504907092', NULL, NULL, 0, 515, 3);
INSERT INTO `absen` VALUES (10, '2025-01-02', '07:14:58', '20:01:53', 0, 0, 1, 2025, '1.0411728', '104.0033035', NULL, NULL, 0, 458, 3);
INSERT INTO `absen` VALUES (11, '2025-01-02', '07:15:34', '20:08:09', 0, 0, 1, 2025, '1.0412162', '104.0033745', NULL, NULL, 0, 74, 3);
INSERT INTO `absen` VALUES (12, '2025-01-02', '07:16:09', '19:59:15', 0, 0, 1, 2025, '1.0411944', '104.003306', NULL, NULL, 0, 524, 3);
INSERT INTO `absen` VALUES (13, '2025-01-02', '07:17:11', '17:28:51', 0, 0, 1, 2025, '1.041229', '104.0033073', NULL, NULL, 0, 82, 3);
INSERT INTO `absen` VALUES (14, '2025-01-02', '07:21:45', '20:02:07', 0, 0, 1, 2025, '1.0411838', '104.0033124', NULL, NULL, 0, 502, 3);
INSERT INTO `absen` VALUES (15, '2025-01-02', '07:22:13', '20:03:04', 0, 0, 1, 2025, '1.0410601', '104.0033408', NULL, NULL, 0, 535, 3);
INSERT INTO `absen` VALUES (16, '2025-01-02', '07:22:18', '20:02:20', 0, 0, 1, 2025, '1.0411643', '104.0033367', NULL, NULL, 0, 537, 3);
INSERT INTO `absen` VALUES (17, '2025-01-02', '07:23:13', '20:01:16', 0, 0, 1, 2025, '1.0411432', '104.0034214', NULL, NULL, 0, 516, 3);
INSERT INTO `absen` VALUES (18, '2025-01-02', '07:23:26', '20:00:19', 0, 0, 1, 2025, '1.0411694', '104.003316', NULL, NULL, 0, 307, 3);
INSERT INTO `absen` VALUES (19, '2025-01-02', '07:24:17', '20:02:27', 0, 0, 1, 2025, '1.0408843386772835', '104.00338400712218', NULL, NULL, 0, 276, 3);
INSERT INTO `absen` VALUES (20, '2025-01-02', '07:24:56', '17:04:17', 0, 0, 1, 2025, '1.0410203', '104.0033823', NULL, NULL, 0, 542, 3);
INSERT INTO `absen` VALUES (21, '2025-01-02', '07:25:38', '20:02:58', 0, 0, 1, 2025, '1.041249333716764', '104.00340511618222', NULL, NULL, 0, 465, 3);
INSERT INTO `absen` VALUES (22, '2025-01-02', '07:27:22', '20:01:10', 0, 0, 1, 2025, '1.0410628', '104.0033424', NULL, NULL, 0, 297, 3);
INSERT INTO `absen` VALUES (23, '2025-01-02', '07:28:23', '20:03:32', 0, 0, 1, 2025, '1.0409798', '104.0033438', NULL, NULL, 0, 261, 3);
INSERT INTO `absen` VALUES (24, '2025-01-02', '07:28:31', '20:00:17', 0, 0, 1, 2025, '1.0410598', '104.0033319', NULL, NULL, 0, 532, 3);
INSERT INTO `absen` VALUES (25, '2025-01-02', '07:29:11', '20:01:33', 0, 0, 1, 2025, '1.0409759', '104.0033731', NULL, NULL, 0, 457, 3);
INSERT INTO `absen` VALUES (26, '2025-01-02', '07:30:05', '20:00:36', 0, 0, 1, 2025, '1.0408886', '104.0033725', NULL, NULL, 0, 526, 3);
INSERT INTO `absen` VALUES (27, '2025-01-02', '07:31:23', '20:04:00', 0, 0, 1, 2025, '1.0410733', '104.0033262', NULL, NULL, 0, 471, 3);
INSERT INTO `absen` VALUES (28, '2025-01-02', '07:31:48', '20:03:09', 0, 0, 1, 2025, '1.0410183', '104.003145', NULL, NULL, 0, 529, 3);
INSERT INTO `absen` VALUES (29, '2025-01-02', '07:31:51', '20:01:31', 0, 0, 1, 2025, '1.0410568', '104.0033522', NULL, NULL, 0, 273, 3);
INSERT INTO `absen` VALUES (30, '2025-01-02', '07:33:26', '20:01:41', 0, 0, 1, 2025, '1.0413514813342575', '104.00307911862188', NULL, NULL, 0, 508, 3);
INSERT INTO `absen` VALUES (31, '2025-01-02', '07:33:57', '20:01:09', 0, 0, 1, 2025, '1.0411723', '104.0033183', NULL, NULL, 0, 356, 3);
INSERT INTO `absen` VALUES (32, '2025-01-02', '07:34:04', '20:01:22', 0, 0, 1, 2025, '1.041293', '104.0032954', NULL, NULL, 0, 139, 3);
INSERT INTO `absen` VALUES (33, '2025-01-02', '07:34:48', '20:01:23', 0, 0, 1, 2025, '1.0410865022530844', '104.00343764348557', NULL, NULL, 0, 534, 3);
INSERT INTO `absen` VALUES (34, '2025-01-02', '07:35:32', '20:00:35', 0, 0, 1, 2025, '1.041053', '104.0033375', NULL, NULL, 0, 540, 3);
INSERT INTO `absen` VALUES (35, '2025-01-02', '07:35:52', '20:00:18', 0, 0, 1, 2025, '1.0410648', '104.0033404', NULL, NULL, 0, 459, 3);
INSERT INTO `absen` VALUES (36, '2025-01-02', '07:35:57', '20:00:35', 0, 0, 1, 2025, '1.0410672', '104.0033283', NULL, NULL, 0, 262, 3);
INSERT INTO `absen` VALUES (37, '2025-01-02', '07:36:37', '20:01:30', 0, 0, 1, 2025, '1.0412396', '104.0033792', NULL, NULL, 0, 493, 3);
INSERT INTO `absen` VALUES (38, '2025-01-02', '07:36:39', '20:02:51', 0, 0, 1, 2025, '1.0410265', '104.0032473', NULL, NULL, 0, 505, 3);
INSERT INTO `absen` VALUES (39, '2025-01-02', '07:36:51', '17:04:18', 0, 0, 1, 2025, '1.0409852', '104.0034562', NULL, NULL, 0, 486, 3);
INSERT INTO `absen` VALUES (40, '2025-01-02', '07:37:42', '20:00:11', 0, 0, 1, 2025, '1.0410537', '104.0033309', NULL, NULL, 0, 466, 3);
INSERT INTO `absen` VALUES (41, '2025-01-02', '07:38:05', '20:01:36', 0, 0, 1, 2025, '1.0409364', '104.0033702', NULL, NULL, 0, 301, 3);
INSERT INTO `absen` VALUES (42, '2025-01-02', '07:38:19', '20:02:28', 0, 0, 1, 2025, '1.0411644', '104.0033794', NULL, NULL, 0, 358, 3);
INSERT INTO `absen` VALUES (43, '2025-01-02', '07:39:15', NULL, 0, 0, 1, 2025, '1.0413412595554197', '104.00316691405511', NULL, NULL, 0, 84, 3);
INSERT INTO `absen` VALUES (44, '2025-01-02', '07:39:47', '20:02:48', 0, 0, 1, 2025, '1.0409381', '104.0033546', NULL, NULL, 0, 503, 3);
INSERT INTO `absen` VALUES (45, '2025-01-02', '07:39:48', '20:01:19', 0, 0, 1, 2025, '1.0408935', '104.0033762', NULL, NULL, 0, 259, 3);
INSERT INTO `absen` VALUES (46, '2025-01-02', '07:40:40', '20:03:16', 0, 0, 1, 2025, '1.0411561', '104.0034094', NULL, NULL, 0, 401, 3);
INSERT INTO `absen` VALUES (47, '2025-01-02', '07:42:12', '20:01:54', 0, 0, 1, 2025, '1.0410316', '104.0033605', NULL, NULL, 0, 498, 3);
INSERT INTO `absen` VALUES (48, '2025-01-02', '07:42:19', '20:01:17', 0, 0, 1, 2025, '1.0408588708609872', '104.00335877692714', NULL, NULL, 0, 456, 3);
INSERT INTO `absen` VALUES (49, '2025-01-02', '07:42:57', '20:03:02', 0, 0, 1, 2025, '1.0411003496985638', '104.0033730147185', NULL, NULL, 0, 496, 3);
INSERT INTO `absen` VALUES (50, '2025-01-02', '07:45:14', '17:04:57', 0, 0, 1, 2025, '1.0409410462103652', '104.00336099828365', NULL, NULL, 0, 523, 3);
INSERT INTO `absen` VALUES (51, '2025-01-02', '07:45:24', '20:01:09', 0, 0, 1, 2025, '1.0410231', '104.0030237', NULL, NULL, 0, 405, 3);
INSERT INTO `absen` VALUES (52, '2025-01-02', '07:45:58', '20:04:21', 0, 0, 1, 2025, '1.0408967', '104.0033358', NULL, NULL, 0, 308, 3);
INSERT INTO `absen` VALUES (53, '2025-01-02', '07:46:23', NULL, 0, 0, 1, 2025, '1.0414834577639025', '104.00307683752646', NULL, NULL, 0, 406, 3);
INSERT INTO `absen` VALUES (54, '2025-01-02', '07:46:24', '20:00:13', 0, 0, 1, 2025, '1.0410776', '104.003217', NULL, NULL, 0, 260, 3);
INSERT INTO `absen` VALUES (55, '2025-01-02', '07:46:55', '20:00:55', 0, 0, 1, 2025, '1.0414711', '104.0032531', NULL, NULL, 0, 510, 3);
INSERT INTO `absen` VALUES (56, '2025-01-02', '07:46:59', '17:08:40', 0, 0, 1, 2025, '1.0412572', '104.0032015', NULL, NULL, 0, 73, 3);
INSERT INTO `absen` VALUES (57, '2025-01-02', '07:47:27', '20:01:35', 0, 0, 1, 2025, '1.0412116', '104.0033815', NULL, NULL, 0, 404, 3);
INSERT INTO `absen` VALUES (58, '2025-01-02', '07:48:05', '18:00:21', 0, 0, 1, 2025, '1.0414680719744183', '104.00311035566111', NULL, NULL, 0, 507, 3);
INSERT INTO `absen` VALUES (59, '2025-01-02', '07:48:16', '17:02:53', 0, 0, 1, 2025, '1.041351884113003', '104.00309646096994', NULL, NULL, 0, 488, 3);
INSERT INTO `absen` VALUES (60, '2025-01-02', '07:48:23', '20:01:17', 0, 0, 1, 2025, '1.0410827', '104.0033198', NULL, NULL, 0, 399, 3);
INSERT INTO `absen` VALUES (61, '2025-01-02', '07:49:20', '20:01:14', 0, 0, 1, 2025, '1.0412146', '104.003392', NULL, NULL, 0, 525, 3);
INSERT INTO `absen` VALUES (62, '2025-01-02', '07:49:53', '18:01:06', 0, 0, 1, 2025, '1.0409504', '104.0029876', NULL, NULL, 0, 492, 3);
INSERT INTO `absen` VALUES (63, '2025-01-02', '07:51:06', '20:02:00', 1, 0, 1, 2025, '1.0412128', '104.0034001', NULL, NULL, 0, 123, 3);
INSERT INTO `absen` VALUES (64, '2025-01-02', '07:52:56', '17:58:54', 2, 0, 1, 2025, '1.0414090708205506', '104.00308468722044', NULL, NULL, 0, 364, 3);
INSERT INTO `absen` VALUES (65, '2025-01-02', '07:58:27', '17:59:44', 8, 0, 1, 2025, '1.0412569', '104.0033274', NULL, NULL, 0, 402, 3);
INSERT INTO `absen` VALUES (66, '2025-01-02', '07:55:52', '17:09:02', 5, 0, 1, 2025, '1.04148090952233', '104.00308839766896', 'Edit Absen', NULL, 1, 77, 3);
INSERT INTO `absen` VALUES (67, '2025-01-02', NULL, '17:59:24', 0, 0, 1, 2025, '1.0413845', '104.0034529', NULL, NULL, 0, 78, 3);
INSERT INTO `absen` VALUES (68, '2025-01-02', NULL, '18:00:27', 0, 0, 1, 2025, '1.0410624', '104.0033329', NULL, NULL, 0, 521, 3);
INSERT INTO `absen` VALUES (69, '2025-01-02', NULL, '18:01:18', 0, 0, 1, 2025, '1.0412442703321387', '104.00328743444697', NULL, NULL, 0, 80, 3);
INSERT INTO `absen` VALUES (70, '2025-01-03', '06:45:08', '19:01:48', 0, 0, 1, 2025, '1.041244', '104.0033169', NULL, NULL, 0, 522, 3);
INSERT INTO `absen` VALUES (71, '2025-01-03', '06:51:32', '20:00:22', 0, 0, 1, 2025, '1.041056', '104.0033253', NULL, NULL, 0, 467, 3);
INSERT INTO `absen` VALUES (72, '2025-01-03', '06:53:19', '20:00:09', 0, 0, 1, 2025, '1.0411689', '104.0033707', NULL, NULL, 0, 538, 3);
INSERT INTO `absen` VALUES (73, '2025-01-03', '06:55:23', NULL, 0, 0, 1, 2025, '1.04127', '104.00331', NULL, NULL, 0, 85, 3);
INSERT INTO `absen` VALUES (74, '2025-01-03', '07:05:25', '20:00:57', 0, 0, 1, 2025, '1.0412203', '104.0033633', NULL, NULL, 0, 537, 3);
INSERT INTO `absen` VALUES (75, '2025-01-03', '07:06:45', '20:09:35', 0, 0, 1, 2025, '1.041224', '104.0033503', NULL, NULL, 0, 74, 3);
INSERT INTO `absen` VALUES (76, '2025-01-03', '07:09:27', '20:01:46', 0, 0, 1, 2025, '1.0411596', '104.0033628', NULL, NULL, 0, 514, 3);
INSERT INTO `absen` VALUES (77, '2025-01-03', '07:12:59', '20:02:16', 0, 0, 1, 2025, '1.0409733601755136', '104.0033459976827', NULL, NULL, 0, 515, 3);
INSERT INTO `absen` VALUES (78, '2025-01-03', '07:13:29', '19:59:23', 0, 0, 1, 2025, '1.0411061', '104.0033583', NULL, NULL, 0, 524, 3);
INSERT INTO `absen` VALUES (79, '2025-01-03', '07:14:23', '17:30:25', 0, 0, 1, 2025, '1.0412471', '104.0033444', NULL, NULL, 0, 82, 3);
INSERT INTO `absen` VALUES (80, '2025-01-03', '07:17:04', '20:05:51', 0, 0, 1, 2025, '1.0411532', '104.003357', NULL, NULL, 0, 261, 3);
INSERT INTO `absen` VALUES (81, '2025-01-03', '07:18:33', '20:01:31', 0, 0, 1, 2025, '1.0411738', '104.0033529', NULL, NULL, 0, 502, 3);
INSERT INTO `absen` VALUES (82, '2025-01-03', '07:19:14', '20:00:57', 0, 0, 1, 2025, '1.0413982', '104.0031346', NULL, NULL, 0, 539, 3);
INSERT INTO `absen` VALUES (83, '2025-01-03', '07:20:59', '20:00:56', 0, 0, 1, 2025, '1.0411824', '104.0033143', NULL, NULL, 0, 536, 3);
INSERT INTO `absen` VALUES (84, '2025-01-03', '07:21:00', '20:03:35', 0, 0, 1, 2025, '1.0411389098085113', '104.00326910723273', NULL, NULL, 0, 465, 3);
INSERT INTO `absen` VALUES (85, '2025-01-03', '07:25:16', '20:01:37', 0, 0, 1, 2025, '1.0411994', '104.0033906', NULL, NULL, 0, 510, 3);
INSERT INTO `absen` VALUES (86, '2025-01-03', '07:26:03', '20:03:06', 0, 0, 1, 2025, '1.0408743566811989', '104.00336668601122', NULL, NULL, 0, 276, 3);
INSERT INTO `absen` VALUES (87, '2025-01-03', '07:26:16', '20:02:05', 0, 0, 1, 2025, '1.0410933', '104.003336', NULL, NULL, 0, 404, 3);
INSERT INTO `absen` VALUES (88, '2025-01-03', '07:26:40', '17:33:48', 0, 0, 1, 2025, '1.0409429', '104.0033879', NULL, NULL, 0, 491, 3);
INSERT INTO `absen` VALUES (89, '2025-01-03', '07:28:19', '20:02:36', 0, 0, 1, 2025, '1.0411641', '104.0033631', NULL, NULL, 0, 356, 3);
INSERT INTO `absen` VALUES (90, '2025-01-03', '07:28:46', '20:00:11', 0, 0, 1, 2025, '1.0412426', '104.003069', NULL, NULL, 0, 532, 3);
INSERT INTO `absen` VALUES (91, '2025-01-03', '07:28:55', '20:01:08', 0, 0, 1, 2025, '1.0413149006319877', '104.00323404757755', NULL, NULL, 0, 534, 3);
INSERT INTO `absen` VALUES (92, '2025-01-03', '07:29:01', '19:59:51', 0, 0, 1, 2025, '1.0409709', '104.0034024', NULL, NULL, 0, 535, 3);
INSERT INTO `absen` VALUES (93, '2025-01-03', '07:29:20', '20:00:16', 0, 0, 1, 2025, '1.0411219', '104.0033627', NULL, NULL, 0, 540, 3);
INSERT INTO `absen` VALUES (94, '2025-01-03', '07:29:37', '20:02:05', 0, 0, 1, 2025, '1.0410273', '104.0033649', NULL, NULL, 0, 529, 3);
INSERT INTO `absen` VALUES (95, '2025-01-03', '07:29:46', NULL, 0, 0, 1, 2025, '1.0411604', '104.0033586', NULL, NULL, 0, 273, 3);
INSERT INTO `absen` VALUES (96, '2025-01-03', '07:30:25', '20:00:47', 0, 0, 1, 2025, '1.0411402', '104.0033587', NULL, NULL, 0, 526, 3);
INSERT INTO `absen` VALUES (97, '2025-01-03', '07:30:29', '20:01:25', 0, 0, 1, 2025, '1.0413250491945534', '104.00321669668776', NULL, NULL, 0, 508, 3);
INSERT INTO `absen` VALUES (98, '2025-01-03', '07:30:32', '20:01:29', 0, 0, 1, 2025, '1.04112', '104.003362', NULL, NULL, 0, 516, 3);
INSERT INTO `absen` VALUES (99, '2025-01-03', '07:31:03', NULL, 0, 0, 1, 2025, '1.0413505457030405', '104.00321326030684', NULL, NULL, 0, 84, 3);
INSERT INTO `absen` VALUES (100, '2025-01-03', '07:31:28', '20:01:18', 0, 0, 1, 2025, '1.0410692', '104.0030726', NULL, NULL, 0, 458, 3);
INSERT INTO `absen` VALUES (101, '2025-01-03', '07:31:57', '20:01:36', 0, 0, 1, 2025, '1.0411128', '104.003377', NULL, NULL, 0, 297, 3);
INSERT INTO `absen` VALUES (102, '2025-01-03', '07:32:07', '20:01:38', 0, 0, 1, 2025, '1.0409328', '104.0033141', NULL, NULL, 0, 457, 3);
INSERT INTO `absen` VALUES (103, '2025-01-03', '07:32:22', '20:02:13', 0, 0, 1, 2025, '1.041102', '104.0033511', NULL, NULL, 0, 498, 3);
INSERT INTO `absen` VALUES (104, '2025-01-03', '07:32:59', '17:33:30', 0, 0, 1, 2025, '1.0409393', '104.003354', NULL, NULL, 0, 542, 3);
INSERT INTO `absen` VALUES (105, '2025-01-03', '07:34:23', '20:00:38', 0, 0, 1, 2025, '1.0409669', '104.0034133', NULL, NULL, 0, 503, 3);
INSERT INTO `absen` VALUES (106, '2025-01-03', '07:34:49', '20:00:10', 0, 0, 1, 2025, '1.0411704', '104.0033685', NULL, NULL, 0, 466, 3);
INSERT INTO `absen` VALUES (107, '2025-01-03', '07:35:26', '20:01:16', 0, 0, 1, 2025, '1.0411176', '104.0033109', NULL, NULL, 0, 139, 3);
INSERT INTO `absen` VALUES (108, '2025-01-03', '07:36:24', '20:03:19', 0, 0, 1, 2025, '1.0409459', '104.0034198', NULL, NULL, 0, 301, 3);
INSERT INTO `absen` VALUES (109, '2025-01-03', '07:36:43', '20:02:20', 0, 0, 1, 2025, '1.0409877088674295', '104.00335281508876', NULL, NULL, 0, 496, 3);
INSERT INTO `absen` VALUES (110, '2025-01-03', '07:38:12', '20:01:24', 0, 0, 1, 2025, '1.0410928', '104.0033407', NULL, NULL, 0, 307, 3);
INSERT INTO `absen` VALUES (111, '2025-01-03', '07:38:26', '19:34:12', 0, 0, 1, 2025, '1.0411669', '104.0033615', NULL, NULL, 0, 521, 3);
INSERT INTO `absen` VALUES (112, '2025-01-03', '07:38:47', '20:00:56', 0, 0, 1, 2025, '1.041132', '104.0033643', NULL, NULL, 0, 260, 3);
INSERT INTO `absen` VALUES (113, '2025-01-03', '07:38:47', '20:01:54', 0, 0, 1, 2025, '1.0409329', '104.0033076', NULL, NULL, 0, 505, 3);
INSERT INTO `absen` VALUES (114, '2025-01-03', '07:38:51', NULL, 0, 0, 1, 2025, '1.0411034', '104.0033502', NULL, NULL, 0, 259, 3);
INSERT INTO `absen` VALUES (115, '2025-01-03', '07:39:28', '20:01:21', 0, 0, 1, 2025, '1.0410575', '104.003391', NULL, NULL, 0, 459, 3);
INSERT INTO `absen` VALUES (116, '2025-01-03', '07:40:26', '20:01:28', 0, 0, 1, 2025, '1.0411676', '104.0033764', NULL, NULL, 0, 358, 3);
INSERT INTO `absen` VALUES (117, '2025-01-03', '07:42:09', '20:01:03', 0, 0, 1, 2025, '1.0408935', '104.0033071', NULL, NULL, 0, 493, 3);
INSERT INTO `absen` VALUES (118, '2025-01-03', '07:42:23', '20:04:07', 0, 0, 1, 2025, '1.0410833', '104.0034153', NULL, NULL, 0, 401, 3);
INSERT INTO `absen` VALUES (119, '2025-01-03', '07:42:26', '17:35:32', 0, 0, 1, 2025, '1.0409185', '104.003318', NULL, NULL, 0, 486, 3);
INSERT INTO `absen` VALUES (120, '2025-01-03', '07:43:37', '20:01:14', 0, 0, 1, 2025, '1.0408419', '104.0033676', NULL, NULL, 0, 471, 3);
INSERT INTO `absen` VALUES (121, '2025-01-03', '07:44:33', '20:02:37', 0, 0, 1, 2025, '1.0410568131464562', '104.00345370898114', NULL, NULL, 0, 523, 3);
INSERT INTO `absen` VALUES (122, '2025-01-03', '07:44:44', '20:01:08', 0, 0, 1, 2025, '1.0411567', '104.0028743', NULL, NULL, 0, 405, 3);
INSERT INTO `absen` VALUES (123, '2025-01-03', '07:45:40', '20:00:50', 0, 0, 1, 2025, '1.0411554', '104.0033652', NULL, NULL, 0, 262, 3);
INSERT INTO `absen` VALUES (124, '2025-01-03', '07:45:52', '18:10:09', 0, 0, 1, 2025, '1.0411083022957115', '104.00343727265928', NULL, NULL, 0, 406, 3);
INSERT INTO `absen` VALUES (125, '2025-01-03', '07:46:12', '17:31:20', 0, 0, 1, 2025, '1.041183163200675', '104.00324375900392', NULL, NULL, 0, 470, 3);
INSERT INTO `absen` VALUES (126, '2025-01-03', '07:46:35', '20:02:56', 0, 0, 1, 2025, '1.0412748', '104.0032771', NULL, NULL, 0, 492, 3);
INSERT INTO `absen` VALUES (127, '2025-01-03', '07:46:40', '17:41:38', 0, 0, 1, 2025, '1.0412583719377013', '104.00348982477536', NULL, NULL, 0, 80, 3);
INSERT INTO `absen` VALUES (128, '2025-01-03', '07:46:41', '20:00:39', 0, 0, 1, 2025, '1.0408707801985912', '104.00339467623702', NULL, NULL, 0, 456, 3);
INSERT INTO `absen` VALUES (129, '2025-01-03', '07:46:41', '20:03:12', 0, 0, 1, 2025, '1.0411725', '104.0033804', NULL, NULL, 0, 525, 3);
INSERT INTO `absen` VALUES (130, '2025-01-03', '07:46:46', '20:03:06', 0, 0, 1, 2025, '1.0409703', '104.0034046', NULL, NULL, 0, 308, 3);
INSERT INTO `absen` VALUES (131, '2025-01-03', '07:47:39', '20:00:41', 0, 0, 1, 2025, '1.0411596', '104.0033501', NULL, NULL, 0, 399, 3);
INSERT INTO `absen` VALUES (132, '2025-01-03', '07:47:42', '20:02:36', 0, 0, 1, 2025, '1.0408689', '104.0033759', NULL, NULL, 0, 135, 3);
INSERT INTO `absen` VALUES (133, '2025-01-03', '07:48:19', '17:46:10', 0, 0, 1, 2025, '1.0412941', '104.0033032', NULL, NULL, 0, 73, 3);
INSERT INTO `absen` VALUES (134, '2025-01-03', '07:49:18', NULL, 0, 0, 1, 2025, '1.041208150782718', '104.0033791389569', NULL, NULL, 0, 364, 3);
INSERT INTO `absen` VALUES (135, '2025-01-03', '07:49:22', NULL, 0, 0, 1, 2025, '1.0414872572027114', '104.00312090812236', NULL, NULL, 0, 77, 3);
INSERT INTO `absen` VALUES (136, '2025-01-03', '07:50:08', '20:00:53', 0, 0, 1, 2025, '1.0411538', '104.0034209', NULL, NULL, 0, 123, 3);
INSERT INTO `absen` VALUES (137, '2025-01-03', '07:50:21', '19:49:05', 0, 0, 1, 2025, '1.0412196068007178', '104.00341790578928', NULL, NULL, 0, 507, 3);
INSERT INTO `absen` VALUES (138, '2025-01-03', '07:52:23', NULL, 2, 0, 1, 2025, '1.0413312', '104.0032772', NULL, NULL, 0, 402, 3);
INSERT INTO `absen` VALUES (139, '2025-01-03', '07:59:58', '17:33:27', 9, 0, 1, 2025, '1.0409292382243496', '104.00344127363286', NULL, NULL, 0, 488, 3);
INSERT INTO `absen` VALUES (140, '2025-01-04', '06:44:05', '16:00:10', 0, 0, 1, 2025, '1.041204', '104.003416', NULL, NULL, 0, 467, 3);
INSERT INTO `absen` VALUES (141, '2025-01-04', '07:04:54', '16:01:14', 0, 0, 1, 2025, '1.0411589410676236', '104.00337001015792', NULL, NULL, 0, 515, 3);
INSERT INTO `absen` VALUES (142, '2025-01-04', '07:12:37', '16:05:43', 0, 0, 1, 2025, '1.0411607', '104.0033842', NULL, NULL, 0, 537, 3);
INSERT INTO `absen` VALUES (143, '2025-01-04', '07:13:35', '16:11:10', 0, 0, 1, 2025, '1.0412753', '104.0033571', NULL, NULL, 0, 74, 3);
INSERT INTO `absen` VALUES (144, '2025-01-04', '07:16:44', '16:03:00', 0, 0, 1, 2025, '1.041121', '104.0033691', NULL, NULL, 0, 514, 3);
INSERT INTO `absen` VALUES (145, '2025-01-04', '07:27:17', '16:02:30', 0, 0, 1, 2025, '1.0412820172739183', '104.00323873819453', NULL, NULL, 0, 276, 3);
INSERT INTO `absen` VALUES (146, '2025-01-04', '07:28:08', '16:00:54', 0, 0, 1, 2025, '1.0411801', '104.003316', NULL, NULL, 0, 502, 3);
INSERT INTO `absen` VALUES (147, '2025-01-04', '07:28:47', '16:04:23', 0, 0, 1, 2025, '1.0411137976948446', '104.00327569037452', NULL, NULL, 0, 465, 3);
INSERT INTO `absen` VALUES (148, '2025-01-04', '07:29:23', '16:01:40', 0, 0, 1, 2025, '1.0412279', '104.0033912', NULL, NULL, 0, 516, 3);
INSERT INTO `absen` VALUES (149, '2025-01-04', '07:30:17', '16:01:12', 0, 0, 1, 2025, '1.0412496', '104.0033848', NULL, NULL, 0, 307, 3);
INSERT INTO `absen` VALUES (150, '2025-01-04', '07:31:07', '16:04:51', 0, 0, 1, 2025, '1.0412441', '104.0034013', NULL, NULL, 0, 261, 3);
INSERT INTO `absen` VALUES (151, '2025-01-04', '07:31:07', '16:01:45', 0, 0, 1, 2025, '1.0411635', '104.0033834', NULL, NULL, 0, 273, 3);
INSERT INTO `absen` VALUES (152, '2025-01-04', '07:31:47', '16:01:35', 0, 0, 1, 2025, '1.0411344858610854', '104.00326815812319', NULL, NULL, 0, 508, 3);
INSERT INTO `absen` VALUES (153, '2025-01-04', '07:33:25', '16:00:17', 0, 0, 1, 2025, '1.0411149', '104.0033576', NULL, NULL, 0, 532, 3);
INSERT INTO `absen` VALUES (154, '2025-01-04', '07:33:56', '16:01:24', 0, 0, 1, 2025, '1.0412005595207583', '104.00328921008861', NULL, NULL, 0, 534, 3);
INSERT INTO `absen` VALUES (155, '2025-01-04', '07:34:06', '16:00:20', 0, 0, 1, 2025, '1.0411313', '104.0033742', NULL, NULL, 0, 540, 3);
INSERT INTO `absen` VALUES (156, '2025-01-04', '07:34:11', '16:00:20', 0, 0, 1, 2025, '1.0411653', '104.0033697', NULL, NULL, 0, 459, 3);
INSERT INTO `absen` VALUES (157, '2025-01-04', '07:34:44', '16:01:20', 0, 0, 1, 2025, '1.0408889', '104.0032829', NULL, NULL, 0, 139, 3);
INSERT INTO `absen` VALUES (158, '2025-01-04', '07:35:18', '16:01:32', 0, 0, 1, 2025, '1.0411528', '104.0034031', NULL, NULL, 0, 503, 3);
INSERT INTO `absen` VALUES (159, '2025-01-04', '07:36:27', '16:00:27', 0, 0, 1, 2025, '1.0412349', '104.0033897', NULL, NULL, 0, 526, 3);
INSERT INTO `absen` VALUES (160, '2025-01-04', '07:36:49', '16:02:40', 0, 0, 1, 2025, '1.0411919', '104.0033863', NULL, NULL, 0, 510, 3);
INSERT INTO `absen` VALUES (161, '2025-01-04', '07:37:01', '16:00:06', 0, 0, 1, 2025, '1.0411114', '104.0033669', NULL, NULL, 0, 466, 3);
INSERT INTO `absen` VALUES (162, '2025-01-04', '07:37:02', '16:02:46', 0, 0, 1, 2025, '1.0412133', '104.0035183', NULL, NULL, 0, 301, 3);
INSERT INTO `absen` VALUES (163, '2025-01-04', '07:37:15', '16:01:17', 0, 0, 1, 2025, '1.0412404', '104.003372', NULL, NULL, 0, 458, 3);
INSERT INTO `absen` VALUES (164, '2025-01-04', '07:37:19', '16:01:37', 0, 0, 1, 2025, '1.0412425', '104.0034454', NULL, NULL, 0, 404, 3);
INSERT INTO `absen` VALUES (165, '2025-01-04', '07:38:20', '16:01:16', 0, 0, 1, 2025, '1.0411727960226895', '104.003261283115', NULL, NULL, 0, 523, 3);
INSERT INTO `absen` VALUES (166, '2025-01-04', '07:38:37', '16:02:16', 0, 0, 1, 2025, '1.0414729', '104.0031137', NULL, NULL, 0, 539, 3);
INSERT INTO `absen` VALUES (167, '2025-01-04', '07:39:05', '16:03:25', 0, 0, 1, 2025, '1.0411988380677397', '104.00327688419551', NULL, NULL, 0, 496, 3);
INSERT INTO `absen` VALUES (168, '2025-01-04', '07:39:16', '16:10:17', 0, 0, 1, 2025, '1.0411759', '104.0033909', NULL, NULL, 0, 529, 3);
INSERT INTO `absen` VALUES (169, '2025-01-04', '07:40:08', '16:02:55', 0, 0, 1, 2025, '1.0411608', '104.0033639', NULL, NULL, 0, 259, 3);
INSERT INTO `absen` VALUES (170, '2025-01-04', '07:40:13', '16:01:46', 0, 0, 1, 2025, '1.0411669', '104.0033764', NULL, NULL, 0, 262, 3);
INSERT INTO `absen` VALUES (171, '2025-01-04', '07:40:21', '16:03:04', 0, 0, 1, 2025, '1.0411891', '104.0034366', NULL, NULL, 0, 471, 3);
INSERT INTO `absen` VALUES (172, '2025-01-04', '07:40:30', '16:01:03', 0, 0, 1, 2025, '1.0411726', '104.003378', NULL, NULL, 0, 493, 3);
INSERT INTO `absen` VALUES (173, '2025-01-04', '07:40:38', '16:02:38', 0, 0, 1, 2025, '1.0411669', '104.0033825', NULL, NULL, 0, 356, 3);
INSERT INTO `absen` VALUES (174, '2025-01-04', '07:41:16', '16:01:43', 0, 0, 1, 2025, '1.0412018', '104.0034241', NULL, NULL, 0, 297, 3);
INSERT INTO `absen` VALUES (175, '2025-01-04', '07:41:21', '16:00:24', 0, 0, 1, 2025, '1.0412339', '104.0034107', NULL, NULL, 0, 457, 3);
INSERT INTO `absen` VALUES (176, '2025-01-04', '07:42:57', '16:00:05', 0, 0, 1, 2025, '1.041164', '104.0033735', NULL, NULL, 0, 260, 3);
INSERT INTO `absen` VALUES (177, '2025-01-04', '07:43:30', '16:03:02', 0, 0, 1, 2025, '1.0411959', '104.0033635', NULL, NULL, 0, 358, 3);
INSERT INTO `absen` VALUES (178, '2025-01-04', '07:44:39', '16:01:31', 0, 0, 1, 2025, '1.0411639', '104.0033663', NULL, NULL, 0, 535, 3);
INSERT INTO `absen` VALUES (179, '2025-01-04', '07:45:31', '16:01:06', 0, 0, 1, 2025, '1.0413842', '104.0032196', NULL, NULL, 0, 405, 3);
INSERT INTO `absen` VALUES (180, '2025-01-04', '07:45:39', '16:02:09', 0, 0, 1, 2025, '1.0409267', '104.0033835', NULL, NULL, 0, 135, 3);
INSERT INTO `absen` VALUES (181, '2025-01-04', '07:46:27', '16:03:30', 0, 0, 1, 2025, '1.0412259', '104.0034076', NULL, NULL, 0, 401, 3);
INSERT INTO `absen` VALUES (182, '2025-01-04', '07:46:46', '16:01:59', 0, 0, 1, 2025, '1.041205', '104.0034067', NULL, NULL, 0, 498, 3);
INSERT INTO `absen` VALUES (183, '2025-01-04', '07:47:04', '16:02:39', 0, 0, 1, 2025, '1.0410522', '104.0034391', NULL, NULL, 0, 505, 3);
INSERT INTO `absen` VALUES (184, '2025-01-04', '07:47:09', '16:02:40', 0, 0, 1, 2025, '1.0408844', '104.0033027', NULL, NULL, 0, 123, 3);
INSERT INTO `absen` VALUES (185, '2025-01-04', '07:48:18', '16:00:56', 0, 0, 1, 2025, '1.0412559797033794', '104.00324275857649', NULL, NULL, 0, 456, 3);
INSERT INTO `absen` VALUES (186, '2025-01-04', '07:48:44', '16:01:21', 0, 0, 1, 2025, '1.0411883', '104.0033442', NULL, NULL, 0, 399, 3);
INSERT INTO `absen` VALUES (187, '2025-01-04', '07:48:50', '16:02:00', 0, 0, 1, 2025, '1.0412351', '104.003381', NULL, NULL, 0, 525, 3);
INSERT INTO `absen` VALUES (188, '2025-01-04', NULL, '16:00:28', 0, 0, 1, 2025, '1.0411201', '104.0033599', NULL, NULL, 0, 308, 3);
INSERT INTO `absen` VALUES (189, '2025-01-03', '07:50:00', '17:00:00', 0, 0, 1, 2025, NULL, NULL, 'Generate Absen', NULL, 1, 78, 3);
INSERT INTO `absen` VALUES (190, '2025-01-06', '06:51:53', '20:01:16', 0, 0, 1, 2025, '1.0412933', '104.0033183', NULL, NULL, 0, 538, 3);
INSERT INTO `absen` VALUES (191, '2025-01-06', '07:01:20', '17:01:46', 0, 0, 1, 2025, '1.0411838', '104.0034743', NULL, NULL, 0, 467, 3);
INSERT INTO `absen` VALUES (192, '2025-01-06', '07:14:31', '17:05:01', 0, 0, 1, 2025, '1.0414407', '104.0032571', NULL, NULL, 0, 524, 3);
INSERT INTO `absen` VALUES (193, '2025-01-06', '07:19:26', '20:01:44', 0, 0, 1, 2025, '1.040912', '104.0032645', NULL, NULL, 0, 539, 3);
INSERT INTO `absen` VALUES (194, '2025-01-06', '07:20:48', '17:02:35', 0, 0, 1, 2025, '1.041226594450571', '104.00331508862172', NULL, NULL, 0, 515, 3);
INSERT INTO `absen` VALUES (195, '2025-01-06', '07:22:19', '20:02:44', 0, 0, 1, 2025, '1.041070462844328', '104.00326803843679', NULL, NULL, 0, 276, 3);
INSERT INTO `absen` VALUES (196, '2025-01-06', '07:22:33', '20:00:51', 0, 0, 1, 2025, '1.0410513', '104.0033347', NULL, NULL, 0, 536, 3);
INSERT INTO `absen` VALUES (197, '2025-01-06', '07:23:17', '17:03:31', 0, 0, 1, 2025, '1.0411702', '104.0033826', NULL, NULL, 0, 74, 3);
INSERT INTO `absen` VALUES (198, '2025-01-06', '07:23:20', '20:03:09', 0, 0, 1, 2025, '1.0411756', '104.0033883', NULL, NULL, 0, 537, 3);
INSERT INTO `absen` VALUES (199, '2025-01-06', '07:23:28', '20:04:29', 0, 0, 1, 2025, '1.0411336', '104.0034511', NULL, NULL, 0, 261, 3);
INSERT INTO `absen` VALUES (200, '2025-01-06', '07:24:18', '20:01:54', 0, 0, 1, 2025, '1.0411284', '104.0033758', NULL, NULL, 0, 535, 3);
INSERT INTO `absen` VALUES (201, '2025-01-06', '07:24:33', '20:03:22', 0, 0, 1, 2025, '1.0410324', '104.0032979', NULL, NULL, 0, 529, 3);
INSERT INTO `absen` VALUES (202, '2025-01-06', '07:24:57', '20:00:48', 0, 0, 1, 2025, '1.0410803', '104.0033777', NULL, NULL, 0, 458, 3);
INSERT INTO `absen` VALUES (203, '2025-01-06', '07:25:06', '20:00:27', 0, 0, 1, 2025, '1.0410642', '104.0033316', NULL, NULL, 0, 532, 3);
INSERT INTO `absen` VALUES (204, '2025-01-06', '07:25:44', '20:01:36', 0, 0, 1, 2025, '1.0410533', '104.0033017', NULL, NULL, 0, 502, 3);
INSERT INTO `absen` VALUES (205, '2025-01-06', '07:25:45', '20:01:57', 0, 0, 1, 2025, '1.0410968', '104.0033438', NULL, NULL, 0, 307, 3);
INSERT INTO `absen` VALUES (206, '2025-01-06', '07:26:19', '17:05:15', 0, 0, 1, 2025, '1.0411869', '104.0033625', NULL, NULL, 0, 514, 3);
INSERT INTO `absen` VALUES (207, '2025-01-06', '07:26:25', '17:09:33', 0, 0, 1, 2025, '1.0410453', '104.003342', NULL, NULL, 0, 491, 3);
INSERT INTO `absen` VALUES (208, '2025-01-06', '07:26:58', '20:01:41', 0, 0, 1, 2025, '1.0410426541667777', '104.0033515335853', NULL, NULL, 0, 508, 3);
INSERT INTO `absen` VALUES (209, '2025-01-06', '07:28:57', '20:01:14', 0, 0, 1, 2025, '1.0411125', '104.0034208', NULL, NULL, 0, 297, 3);
INSERT INTO `absen` VALUES (210, '2025-01-06', '07:29:04', '17:02:39', 0, 0, 1, 2025, '1.041249333716764', '104.00340511618222', NULL, NULL, 0, 465, 3);
INSERT INTO `absen` VALUES (211, '2025-01-06', '07:29:26', '20:02:30', 0, 0, 1, 2025, '1.0410767', '104.0033497', NULL, NULL, 0, 498, 3);
INSERT INTO `absen` VALUES (212, '2025-01-06', '07:29:40', '17:03:21', 0, 0, 1, 2025, '1.0409078475316493', '104.00338432338339', NULL, NULL, 0, 470, 3);
INSERT INTO `absen` VALUES (213, '2025-01-06', '07:29:43', '20:01:25', 0, 0, 1, 2025, '1.0409903', '104.0033735', NULL, NULL, 0, 457, 3);
INSERT INTO `absen` VALUES (214, '2025-01-06', '07:29:44', '20:00:04', 0, 0, 1, 2025, '1.0411178', '104.0033638', NULL, NULL, 0, 466, 3);
INSERT INTO `absen` VALUES (215, '2025-01-06', '07:30:16', '20:05:26', 0, 0, 1, 2025, '1.0412454', '104.0033563', NULL, NULL, 0, 85, 3);
INSERT INTO `absen` VALUES (216, '2025-01-06', '07:31:22', '17:29:51', 0, 0, 1, 2025, '1.0411717393069837', '104.00339180753365', NULL, NULL, 0, 364, 3);
INSERT INTO `absen` VALUES (217, '2025-01-06', '07:32:49', '20:01:39', 0, 0, 1, 2025, '1.0410746', '104.0034238', NULL, NULL, 0, 516, 3);
INSERT INTO `absen` VALUES (218, '2025-01-06', '07:32:57', '20:01:08', 0, 0, 1, 2025, '1.0411156', '104.0033791', NULL, NULL, 0, 273, 3);
INSERT INTO `absen` VALUES (219, '2025-01-06', '07:33:34', '17:04:17', 0, 0, 1, 2025, '1.0409561', '104.0033548', NULL, NULL, 0, 503, 3);
INSERT INTO `absen` VALUES (220, '2025-01-06', '07:36:10', '20:01:27', 0, 0, 1, 2025, '1.0410602', '104.0033355', NULL, NULL, 0, 459, 3);
INSERT INTO `absen` VALUES (221, '2025-01-06', '07:36:13', '17:06:16', 0, 0, 1, 2025, '1.041181', '104.0031211', NULL, NULL, 0, 505, 3);
INSERT INTO `absen` VALUES (222, '2025-01-06', '07:36:33', '18:37:47', 0, 0, 1, 2025, '1.0412218', '104.003363', NULL, NULL, 0, 522, 3);
INSERT INTO `absen` VALUES (223, '2025-01-06', '07:37:20', '20:01:06', 0, 0, 1, 2025, '1.0411196', '104.003351', NULL, NULL, 0, 139, 3);
INSERT INTO `absen` VALUES (224, '2025-01-06', '07:38:07', '20:01:15', 0, 0, 1, 2025, '1.0413137597477429', '104.00323446996256', NULL, NULL, 0, 534, 3);
INSERT INTO `absen` VALUES (225, '2025-01-06', '07:38:07', '20:00:50', 0, 0, 1, 2025, '1.040962', '104.0033866', NULL, NULL, 0, 493, 3);
INSERT INTO `absen` VALUES (226, '2025-01-06', '07:38:10', '20:00:33', 0, 0, 1, 2025, '1.0411199', '104.0033518', NULL, NULL, 0, 540, 3);
INSERT INTO `absen` VALUES (227, '2025-01-06', '07:38:20', '17:03:30', 0, 0, 1, 2025, '1.0409375', '104.0033435', NULL, NULL, 0, 486, 3);
INSERT INTO `absen` VALUES (228, '2025-01-06', '07:38:33', '17:03:07', 0, 0, 1, 2025, '1.0411935', '104.0033961', NULL, NULL, 0, 358, 3);
INSERT INTO `absen` VALUES (229, '2025-01-06', '07:38:33', '17:04:24', 0, 0, 1, 2025, '1.0410884', '104.0033034', NULL, NULL, 0, 542, 3);
INSERT INTO `absen` VALUES (230, '2025-01-06', '07:39:35', '20:00:54', 0, 0, 1, 2025, '1.0411375', '104.0033648', NULL, NULL, 0, 262, 3);
INSERT INTO `absen` VALUES (231, '2025-01-06', '07:39:40', '17:33:15', 0, 0, 1, 2025, '1.041335', '104.0031383', NULL, NULL, 0, 73, 3);
INSERT INTO `absen` VALUES (232, '2025-01-06', '07:40:00', '20:01:40', 0, 0, 1, 2025, '1.0411586', '104.0033838', NULL, NULL, 0, 301, 3);
INSERT INTO `absen` VALUES (233, '2025-01-06', '07:40:03', '17:05:15', 0, 0, 1, 2025, '1.0412416', '104.0033623', NULL, NULL, 0, 82, 3);
INSERT INTO `absen` VALUES (234, '2025-01-06', '07:40:04', '17:02:14', 0, 0, 1, 2025, '1.0410623', '104.0033517', NULL, NULL, 0, 356, 3);
INSERT INTO `absen` VALUES (235, '2025-01-06', '07:40:14', '20:02:49', 0, 0, 1, 2025, '1.0413087679068525', '104.00322863920313', NULL, NULL, 0, 496, 3);
INSERT INTO `absen` VALUES (236, '2025-01-06', '07:40:43', '20:02:20', 0, 0, 1, 2025, '1.0411614', '104.0033856', NULL, NULL, 0, 259, 3);
INSERT INTO `absen` VALUES (237, '2025-01-06', '07:41:33', '20:00:57', 0, 0, 1, 2025, '1.041057', '104.0033343', NULL, NULL, 0, 260, 3);
INSERT INTO `absen` VALUES (238, '2025-01-06', '07:42:00', '20:02:34', 0, 0, 1, 2025, '1.0410084516945728', '104.0033801067151', NULL, NULL, 0, 523, 3);
INSERT INTO `absen` VALUES (239, '2025-01-06', '07:42:21', '20:00:09', 0, 0, 1, 2025, '1.0411667', '104.0033683', NULL, NULL, 0, 521, 3);
INSERT INTO `absen` VALUES (240, '2025-01-06', '07:42:35', '20:00:35', 0, 0, 1, 2025, '1.0412209', '104.0033713', NULL, NULL, 0, 510, 3);
INSERT INTO `absen` VALUES (241, '2025-01-06', '07:42:54', '17:34:39', 0, 0, 1, 2025, '1.0411976', '104.0033213', NULL, NULL, 0, 460, 3);
INSERT INTO `absen` VALUES (242, '2025-01-06', '07:42:56', '20:00:51', 0, 0, 1, 2025, '1.0411215', '104.0033746', NULL, NULL, 0, 526, 3);
INSERT INTO `absen` VALUES (243, '2025-01-06', '07:43:14', '17:05:04', 0, 0, 1, 2025, '1.0411752', '104.0033568', NULL, NULL, 0, 404, 3);
INSERT INTO `absen` VALUES (244, '2025-01-06', '07:43:23', '17:10:23', 0, 0, 1, 2025, '1.0409249609864961', '104.00340293769995', NULL, NULL, 0, 456, 3);
INSERT INTO `absen` VALUES (245, '2025-01-06', '07:44:02', '17:10:23', 0, 0, 1, 2025, '1.0410719', '104.0030296', NULL, NULL, 0, 405, 3);
INSERT INTO `absen` VALUES (246, '2025-01-06', '07:44:50', '20:06:04', 0, 0, 1, 2025, '1.041108063207034', '104.00343674887203', NULL, NULL, 0, 406, 3);
INSERT INTO `absen` VALUES (247, '2025-01-06', '07:46:06', '18:33:06', 0, 0, 1, 2025, '1.0410998', '104.0033504', NULL, NULL, 0, 399, 3);
INSERT INTO `absen` VALUES (248, '2025-01-06', '07:46:32', '20:01:50', 0, 0, 1, 2025, '1.0409396', '104.0033145', NULL, NULL, 0, 135, 3);
INSERT INTO `absen` VALUES (249, '2025-01-06', '07:47:09', '20:05:05', 0, 0, 1, 2025, '1.0409714', '104.003278', NULL, NULL, 0, 308, 3);
INSERT INTO `absen` VALUES (250, '2025-01-06', '07:47:13', '20:03:58', 0, 0, 1, 2025, '1.0411775267702823', '104.0034648614654', NULL, NULL, 0, 80, 3);
INSERT INTO `absen` VALUES (251, '2025-01-06', '07:47:21', '20:02:24', 0, 0, 1, 2025, '1.0411966', '104.00338', NULL, NULL, 0, 525, 3);
INSERT INTO `absen` VALUES (252, '2025-01-06', '07:47:31', '20:03:29', 0, 0, 1, 2025, '1.0412167', '104.0035036', NULL, NULL, 0, 492, 3);
INSERT INTO `absen` VALUES (253, '2025-01-06', '07:47:47', '20:05:10', 0, 0, 1, 2025, '1.0410379', '104.003369', NULL, NULL, 0, 401, 3);
INSERT INTO `absen` VALUES (254, '2025-01-06', '07:48:35', '17:00:41', 0, 0, 1, 2025, '1.0412092111009292', '104.0032943335974', NULL, NULL, 0, 488, 3);
INSERT INTO `absen` VALUES (255, '2025-01-06', '07:48:42', '20:01:24', 0, 0, 1, 2025, '1.0412001', '104.0033746', NULL, NULL, 0, 123, 3);
INSERT INTO `absen` VALUES (256, '2025-01-06', '07:49:41', '20:04:43', 0, 0, 1, 2025, '1.041403076825007', '104.00316645340169', NULL, NULL, 0, 507, 3);
INSERT INTO `absen` VALUES (257, '2025-01-06', '07:50:36', '20:04:16', 0, 0, 1, 2025, '1.0408262', '104.0032704', NULL, NULL, 0, 471, 3);
INSERT INTO `absen` VALUES (258, '2025-01-06', '07:56:35', '17:38:58', 6, 0, 1, 2025, '1.041393635254251', '104.00313961119775', NULL, NULL, 0, 77, 3);
INSERT INTO `absen` VALUES (259, '2025-01-06', '08:00:28', '22:40:17', 10, 0, 1, 2025, '1.0412135', '104.0033691', NULL, NULL, 0, 402, 3);
INSERT INTO `absen` VALUES (260, '2025-01-06', NULL, '17:43:11', 0, 0, 1, 2025, '1.0412260298528289', '104.00330498270493', NULL, NULL, 0, 84, 3);
INSERT INTO `absen` VALUES (261, '2025-01-06', NULL, '22:40:04', 0, 0, 1, 2025, '1.0412463', '104.0033968', NULL, NULL, 0, 78, 3);
INSERT INTO `absen` VALUES (262, '2025-01-07', '06:47:36', '20:00:19', 0, 0, 1, 2025, '1.0411732', '104.0033946', NULL, NULL, 0, 467, 3);
INSERT INTO `absen` VALUES (263, '2025-01-07', '06:57:34', '20:00:51', 0, 0, 1, 2025, '1.0413067', '104.0033333', NULL, NULL, 0, 538, 3);
INSERT INTO `absen` VALUES (264, '2025-01-07', '06:57:34', '20:08:05', 0, 0, 1, 2025, '1.04123', '104.0032517', NULL, NULL, 0, 85, 3);
INSERT INTO `absen` VALUES (265, '2025-01-07', '07:08:26', '17:03:27', 0, 0, 1, 2025, '1.0414703', '104.0032788', NULL, NULL, 0, 524, 3);
INSERT INTO `absen` VALUES (266, '2025-01-07', '07:08:39', '17:07:04', 0, 0, 1, 2025, '1.0410802', '104.0034328', NULL, NULL, 0, 514, 3);
INSERT INTO `absen` VALUES (267, '2025-01-07', '07:09:49', '17:21:27', 0, 0, 1, 2025, '1.0411702', '104.0033796', NULL, NULL, 0, 522, 3);
INSERT INTO `absen` VALUES (268, '2025-01-07', '07:12:52', '20:01:06', 0, 0, 1, 2025, '1.0408921', '104.0033334', NULL, NULL, 0, 539, 3);
INSERT INTO `absen` VALUES (269, '2025-01-07', '07:13:03', '20:01:27', 0, 0, 1, 2025, '1.0410362203775059', '104.00336492059589', NULL, NULL, 0, 515, 3);
INSERT INTO `absen` VALUES (270, '2025-01-07', '07:13:37', '17:03:28', 0, 0, 1, 2025, '1.0412586', '104.0033389', NULL, NULL, 0, 82, 3);
INSERT INTO `absen` VALUES (271, '2025-01-07', '07:17:12', '20:02:22', 0, 0, 1, 2025, '1.0411519340860285', '104.00333384845074', NULL, NULL, 0, 276, 3);
INSERT INTO `absen` VALUES (272, '2025-01-07', '07:19:01', '17:02:08', 0, 0, 1, 2025, '1.041249333716764', '104.00340511618222', NULL, NULL, 0, 465, 3);
INSERT INTO `absen` VALUES (273, '2025-01-07', '07:19:50', '20:00:59', 0, 0, 1, 2025, '1.041042', '104.0034293', NULL, NULL, 0, 535, 3);
INSERT INTO `absen` VALUES (274, '2025-01-07', '07:24:50', '17:03:25', 0, 0, 1, 2025, '1.041028', '104.0032602', NULL, NULL, 0, 491, 3);
INSERT INTO `absen` VALUES (275, '2025-01-07', '07:25:11', '20:01:08', 0, 0, 1, 2025, '1.041141', '104.0033634', NULL, NULL, 0, 502, 3);
INSERT INTO `absen` VALUES (276, '2025-01-07', '07:25:13', '20:01:14', 0, 0, 1, 2025, '1.0411685', '104.0033708', NULL, NULL, 0, 536, 3);
INSERT INTO `absen` VALUES (277, '2025-01-07', '07:25:27', '17:23:38', 0, 0, 1, 2025, '1.0411757', '104.0034051', NULL, NULL, 0, 74, 3);
INSERT INTO `absen` VALUES (278, '2025-01-07', '07:27:44', '20:03:44', 0, 0, 1, 2025, '1.0410783', '104.0034378', NULL, NULL, 0, 529, 3);
INSERT INTO `absen` VALUES (279, '2025-01-07', '07:28:36', '20:00:06', 0, 0, 1, 2025, '1.0411351', '104.0033702', NULL, NULL, 0, 466, 3);
INSERT INTO `absen` VALUES (280, '2025-01-07', '07:28:42', '20:01:46', 0, 0, 1, 2025, '1.0410755517058763', '104.00329435420018', NULL, NULL, 0, 508, 3);
INSERT INTO `absen` VALUES (281, '2025-01-07', '07:28:49', '20:00:55', 0, 0, 1, 2025, '1.0411307', '104.003381', NULL, NULL, 0, 307, 3);
INSERT INTO `absen` VALUES (282, '2025-01-07', '07:29:20', '20:02:39', 0, 0, 1, 2025, '1.0408732', '104.0033329', NULL, NULL, 0, 457, 3);
INSERT INTO `absen` VALUES (283, '2025-01-07', '07:30:42', '20:03:34', 0, 0, 1, 2025, '1.0411735', '104.0033521', NULL, NULL, 0, 261, 3);
INSERT INTO `absen` VALUES (284, '2025-01-07', '07:30:43', '20:00:28', 0, 0, 1, 2025, '1.041166', '104.0033519', NULL, NULL, 0, 537, 3);
INSERT INTO `absen` VALUES (285, '2025-01-07', '07:30:49', '20:01:17', 0, 0, 1, 2025, '1.0411896', '104.0033918', NULL, NULL, 0, 516, 3);
INSERT INTO `absen` VALUES (286, '2025-01-07', '07:31:34', '17:04:18', 0, 0, 1, 2025, '1.0410152', '104.0033678', NULL, NULL, 0, 542, 3);
INSERT INTO `absen` VALUES (287, '2025-01-07', '07:31:56', '20:00:45', 0, 0, 1, 2025, '1.0409027', '104.0033529', NULL, NULL, 0, 458, 3);
INSERT INTO `absen` VALUES (288, '2025-01-07', '07:32:06', '20:00:20', 0, 0, 1, 2025, '1.0410991', '104.0033843', NULL, NULL, 0, 526, 3);
INSERT INTO `absen` VALUES (289, '2025-01-07', '07:32:59', '17:02:05', 0, 0, 1, 2025, '1.0411371', '104.0033307', NULL, NULL, 0, 297, 3);
INSERT INTO `absen` VALUES (290, '2025-01-07', '07:33:29', '20:02:44', 0, 0, 1, 2025, '1.0411341', '104.003361', NULL, NULL, 0, 273, 3);
INSERT INTO `absen` VALUES (291, '2025-01-07', '07:33:35', '20:01:43', 0, 0, 1, 2025, '1.0413137597477429', '104.00323446996256', NULL, NULL, 0, 534, 3);
INSERT INTO `absen` VALUES (292, '2025-01-07', '07:34:18', '17:06:58', 0, 0, 1, 2025, '1.0409081', '104.0034019', NULL, NULL, 0, 503, 3);
INSERT INTO `absen` VALUES (293, '2025-01-07', '07:34:21', '20:00:48', 0, 0, 1, 2025, '1.0410687', '104.0033766', NULL, NULL, 0, 540, 3);
INSERT INTO `absen` VALUES (294, '2025-01-07', '07:34:24', '20:01:54', 0, 0, 1, 2025, '1.041033', '104.0033452', NULL, NULL, 0, 498, 3);
INSERT INTO `absen` VALUES (295, '2025-01-07', '07:34:43', '20:01:08', 0, 0, 1, 2025, '1.0410974', '104.0033738', NULL, NULL, 0, 139, 3);
INSERT INTO `absen` VALUES (296, '2025-01-07', '07:35:26', '20:00:18', 0, 0, 1, 2025, '1.0411082', '104.003349', NULL, NULL, 0, 532, 3);
INSERT INTO `absen` VALUES (297, '2025-01-07', '07:35:43', '20:00:20', 0, 0, 1, 2025, '1.041062', '104.003333', NULL, NULL, 0, 262, 3);
INSERT INTO `absen` VALUES (298, '2025-01-07', '07:35:48', '20:01:45', 0, 0, 1, 2025, '1.041115', '104.0034025', NULL, NULL, 0, 459, 3);
INSERT INTO `absen` VALUES (299, '2025-01-07', '07:36:03', '17:09:38', 0, 0, 1, 2025, '1.0409742', '104.003316', NULL, NULL, 0, 505, 3);
INSERT INTO `absen` VALUES (300, '2025-01-07', '07:39:15', '20:01:48', 0, 0, 1, 2025, '1.0410257006858619', '104.00341441474758', NULL, NULL, 0, 496, 3);
INSERT INTO `absen` VALUES (301, '2025-01-07', '07:40:10', NULL, 0, 0, 1, 2025, '1.0412281458841663', '104.0032998526341', NULL, NULL, 0, 84, 3);
INSERT INTO `absen` VALUES (302, '2025-01-07', '07:40:37', '20:00:47', 0, 0, 1, 2025, '1.0409327', '104.0033536', NULL, NULL, 0, 493, 3);
INSERT INTO `absen` VALUES (303, '2025-01-07', '07:40:40', '20:01:17', 0, 0, 1, 2025, '1.041162', '104.0033843', NULL, NULL, 0, 259, 3);
INSERT INTO `absen` VALUES (304, '2025-01-07', '07:40:41', '17:03:43', 0, 0, 1, 2025, '1.040858', '104.003387', NULL, NULL, 0, 486, 3);
INSERT INTO `absen` VALUES (305, '2025-01-07', '07:41:07', '20:01:14', 0, 0, 1, 2025, '1.0408466', '104.0033925', NULL, NULL, 0, 358, 3);
INSERT INTO `absen` VALUES (306, '2025-01-07', '07:42:26', '20:03:20', 0, 0, 1, 2025, '1.041125', '104.0033776', NULL, NULL, 0, 301, 3);
INSERT INTO `absen` VALUES (307, '2025-01-07', '07:42:53', '17:06:12', 0, 0, 1, 2025, '1.0411443', '104.0029606', NULL, NULL, 0, 405, 3);
INSERT INTO `absen` VALUES (308, '2025-01-07', '07:43:09', '20:02:26', 0, 0, 1, 2025, '1.0408819', '104.0034172', NULL, NULL, 0, 308, 3);
INSERT INTO `absen` VALUES (309, '2025-01-07', '07:44:02', '20:00:39', 0, 0, 1, 2025, '1.0410072', '104.0033677', NULL, NULL, 0, 260, 3);
INSERT INTO `absen` VALUES (310, '2025-01-07', '07:44:05', '17:14:32', 0, 0, 1, 2025, '1.0414519', '104.0030375', NULL, NULL, 0, 460, 3);
INSERT INTO `absen` VALUES (311, '2025-01-07', '07:44:15', '17:19:59', 0, 0, 1, 2025, '1.0410878', '104.0033616', NULL, NULL, 0, 521, 3);
INSERT INTO `absen` VALUES (312, '2025-01-07', '07:45:31', '17:05:03', 0, 0, 1, 2025, '1.0409881', '104.0031256', NULL, NULL, 0, 73, 3);
INSERT INTO `absen` VALUES (313, '2025-01-07', '07:45:34', '17:03:08', 0, 0, 1, 2025, '1.0410534767340096', '104.00334169933092', NULL, NULL, 0, 470, 3);
INSERT INTO `absen` VALUES (314, '2025-01-07', '07:45:48', '20:01:32', 0, 0, 1, 2025, '1.040973', '104.0034118', NULL, NULL, 0, 135, 3);
INSERT INTO `absen` VALUES (315, '2025-01-07', '07:46:12', '20:01:35', 0, 0, 1, 2025, '1.0408470949168698', '104.00330816827736', NULL, NULL, 0, 523, 3);
INSERT INTO `absen` VALUES (316, '2025-01-07', '07:46:31', '17:09:37', 0, 0, 1, 2025, '1.0411969', '104.0033944', NULL, NULL, 0, 404, 3);
INSERT INTO `absen` VALUES (317, '2025-01-07', '07:46:41', '17:19:57', 0, 0, 1, 2025, '1.0412438874776897', '104.003497367653', NULL, NULL, 0, 80, 3);
INSERT INTO `absen` VALUES (318, '2025-01-07', '07:46:56', '20:01:20', 0, 0, 1, 2025, '1.0411699', '104.0033776', NULL, NULL, 0, 510, 3);
INSERT INTO `absen` VALUES (319, '2025-01-07', '07:47:03', '20:02:43', 0, 0, 1, 2025, '1.0411484220569764', '104.00329839169935', NULL, NULL, 0, 406, 3);
INSERT INTO `absen` VALUES (320, '2025-01-07', '07:47:09', '17:12:01', 0, 0, 1, 2025, '1.041375991699881', '104.00316309681439', NULL, NULL, 0, 507, 3);
INSERT INTO `absen` VALUES (321, '2025-01-07', '07:47:26', '17:02:45', 0, 0, 1, 2025, '1.0411585', '104.003371', NULL, NULL, 0, 356, 3);
INSERT INTO `absen` VALUES (322, '2025-01-07', '07:47:55', '20:03:20', 0, 0, 1, 2025, '1.0411367', '104.0033366', NULL, NULL, 0, 525, 3);
INSERT INTO `absen` VALUES (323, '2025-01-07', '07:48:05', '20:00:49', 0, 0, 1, 2025, '1.0409287', '104.0033667', NULL, NULL, 0, 471, 3);
INSERT INTO `absen` VALUES (324, '2025-01-07', '07:48:53', '17:01:35', 0, 0, 1, 2025, '1.0408806197558031', '104.00340105156407', NULL, NULL, 0, 456, 3);
INSERT INTO `absen` VALUES (325, '2025-01-07', '07:48:55', NULL, 0, 0, 1, 2025, '1.0411718181884144', '104.00339255281922', NULL, NULL, 0, 364, 3);
INSERT INTO `absen` VALUES (326, '2025-01-07', '07:48:59', '20:01:16', 0, 0, 1, 2025, '1.0411624', '104.0034681', NULL, NULL, 0, 123, 3);
INSERT INTO `absen` VALUES (327, '2025-01-07', '07:50:08', '17:03:03', 0, 0, 1, 2025, '1.0411221503697703', '104.0033643503576', NULL, NULL, 0, 488, 3);
INSERT INTO `absen` VALUES (328, '2025-01-07', '07:50:09', '20:04:10', 0, 0, 1, 2025, '1.0411726', '104.00336', NULL, NULL, 0, 492, 3);
INSERT INTO `absen` VALUES (329, '2025-01-07', '07:50:29', NULL, 0, 0, 1, 2025, '1.041536473102783', '104.00326403953794', NULL, NULL, 0, 77, 3);
INSERT INTO `absen` VALUES (330, '2025-01-07', '07:51:04', '20:01:43', 1, 0, 1, 2025, '1.0410312', '104.0033469', NULL, NULL, 0, 401, 3);
INSERT INTO `absen` VALUES (331, '2025-01-07', NULL, '17:20:04', 0, 0, 1, 2025, '1.0411403', '104.0033691', NULL, NULL, 0, 78, 3);
INSERT INTO `absen` VALUES (332, '2025-01-08', '06:41:02', '20:00:04', 0, 0, 1, 2025, '1.0412847', '104.0034034', NULL, NULL, 0, 467, 3);
INSERT INTO `absen` VALUES (333, '2025-01-08', '07:11:03', '20:03:41', 0, 0, 1, 2025, '1.0412429', '104.0034026', NULL, NULL, 0, 261, 3);
INSERT INTO `absen` VALUES (334, '2025-01-08', '07:12:10', '20:02:08', 0, 0, 1, 2025, '1.0412139', '104.0033514', NULL, NULL, 0, 538, 3);
INSERT INTO `absen` VALUES (335, '2025-01-08', '07:14:19', '20:05:16', 0, 0, 1, 2025, '1.04125', '104.0034383', NULL, NULL, 0, 85, 3);
INSERT INTO `absen` VALUES (336, '2025-01-08', '07:15:01', '20:01:00', 0, 0, 1, 2025, '1.0411477', '104.003368', NULL, NULL, 0, 535, 3);
INSERT INTO `absen` VALUES (337, '2025-01-08', '07:19:12', '17:02:17', 0, 0, 1, 2025, '1.041220916255473', '104.0032325670921', NULL, NULL, 0, 465, 3);
INSERT INTO `absen` VALUES (338, '2025-01-08', '07:19:19', '17:02:31', 0, 0, 1, 2025, '1.0412653353455543', '104.0032533815736', NULL, NULL, 0, 276, 3);
INSERT INTO `absen` VALUES (339, '2025-01-08', '07:20:14', '20:04:53', 0, 0, 1, 2025, '1.0408967518866692', '104.00341313700291', NULL, NULL, 0, 515, 3);
INSERT INTO `absen` VALUES (340, '2025-01-08', '07:24:19', '20:01:24', 0, 0, 1, 2025, '1.0410579', '104.0033002', NULL, NULL, 0, 502, 3);
INSERT INTO `absen` VALUES (341, '2025-01-08', '07:25:47', '17:06:41', 0, 0, 1, 2025, '1.0411683', '104.0033121', NULL, NULL, 0, 514, 3);
INSERT INTO `absen` VALUES (342, '2025-01-08', '07:28:05', '20:00:11', 0, 0, 1, 2025, '1.0411183', '104.0033557', NULL, NULL, 0, 536, 3);
INSERT INTO `absen` VALUES (343, '2025-01-08', '07:28:48', '17:05:06', 0, 0, 1, 2025, '1.0410711', '104.0033685', NULL, NULL, 0, 542, 3);
INSERT INTO `absen` VALUES (344, '2025-01-08', '07:31:57', '17:06:12', 0, 0, 1, 2025, '1.0412027', '104.0033549', NULL, NULL, 0, 74, 3);
INSERT INTO `absen` VALUES (345, '2025-01-08', '07:32:22', '20:01:06', 0, 0, 1, 2025, '1.0411669', '104.00317', NULL, NULL, 0, 532, 3);
INSERT INTO `absen` VALUES (346, '2025-01-08', '07:32:22', '20:03:02', 0, 0, 1, 2025, '1.041075', '104.0033504', NULL, NULL, 0, 529, 3);
INSERT INTO `absen` VALUES (347, '2025-01-08', '07:32:28', '20:01:33', 0, 0, 1, 2025, '1.040948', '104.003502', NULL, NULL, 0, 539, 3);
INSERT INTO `absen` VALUES (348, '2025-01-08', '07:32:48', '20:00:12', 0, 0, 1, 2025, '1.0411281', '104.0033572', NULL, NULL, 0, 466, 3);
INSERT INTO `absen` VALUES (349, '2025-01-08', '07:33:18', '20:01:00', 0, 0, 1, 2025, '1.0412055', '104.0034421', NULL, NULL, 0, 516, 3);
INSERT INTO `absen` VALUES (350, '2025-01-08', '07:33:22', '17:01:43', 0, 0, 1, 2025, '1.0412481', '104.0030631', NULL, NULL, 0, 491, 3);
INSERT INTO `absen` VALUES (351, '2025-01-08', '07:33:39', '20:01:03', 0, 0, 1, 2025, '1.0408412', '104.0032858', NULL, NULL, 0, 458, 3);
INSERT INTO `absen` VALUES (352, '2025-01-08', '07:34:19', '20:01:27', 0, 0, 1, 2025, '1.0411623607793505', '104.00333927315027', NULL, NULL, 0, 508, 3);
INSERT INTO `absen` VALUES (353, '2025-01-08', '07:34:46', '17:05:18', 0, 0, 1, 2025, '1.0414311', '104.003292', NULL, NULL, 0, 524, 3);
INSERT INTO `absen` VALUES (354, '2025-01-08', '07:35:13', '20:01:15', 0, 0, 1, 2025, '1.0410615', '104.0033336', NULL, NULL, 0, 307, 3);
INSERT INTO `absen` VALUES (355, '2025-01-08', '07:36:04', '20:01:11', 0, 0, 1, 2025, '1.0410082', '104.003347', NULL, NULL, 0, 297, 3);
INSERT INTO `absen` VALUES (356, '2025-01-08', '07:38:26', '20:01:21', 0, 0, 1, 2025, '1.0411217', '104.0033616', NULL, NULL, 0, 139, 3);
INSERT INTO `absen` VALUES (357, '2025-01-08', '07:38:28', '17:02:25', 0, 0, 1, 2025, '1.0411135439223904', '104.00324653934987', NULL, NULL, 0, 470, 3);
INSERT INTO `absen` VALUES (358, '2025-01-08', '07:38:34', '20:03:04', 0, 0, 1, 2025, '1.0414121', '104.003267', NULL, NULL, 0, 301, 3);
INSERT INTO `absen` VALUES (359, '2025-01-08', '07:38:52', '20:00:23', 0, 0, 1, 2025, '1.0408395', '104.0033287', NULL, NULL, 0, 537, 3);
INSERT INTO `absen` VALUES (360, '2025-01-08', '07:38:57', '20:00:39', 0, 0, 1, 2025, '1.0409674', '104.003328', NULL, NULL, 0, 457, 3);
INSERT INTO `absen` VALUES (361, '2025-01-08', '07:39:01', '18:07:39', 0, 0, 1, 2025, '1.0412181', '104.0033631', NULL, NULL, 0, 522, 3);
INSERT INTO `absen` VALUES (362, '2025-01-08', '07:39:02', '17:15:41', 0, 0, 1, 2025, '1.0409926', '104.0034402', NULL, NULL, 0, 503, 3);
INSERT INTO `absen` VALUES (363, '2025-01-08', '07:39:11', '20:00:12', 0, 0, 1, 2025, '1.0411387', '104.0033646', NULL, NULL, 0, 459, 3);
INSERT INTO `absen` VALUES (364, '2025-01-08', '07:39:58', '20:01:22', 0, 0, 1, 2025, '1.0411586', '104.0033837', NULL, NULL, 0, 273, 3);
INSERT INTO `absen` VALUES (365, '2025-01-08', '07:40:21', '20:01:29', 0, 0, 1, 2025, '1.0411567', '104.0033744', NULL, NULL, 0, 259, 3);
INSERT INTO `absen` VALUES (366, '2025-01-08', '07:40:22', '17:28:25', 0, 0, 1, 2025, '1.0411955', '104.003345', NULL, NULL, 0, 82, 3);
INSERT INTO `absen` VALUES (367, '2025-01-08', '07:42:10', '17:08:28', 0, 0, 1, 2025, '1.0409831', '104.0033084', NULL, NULL, 0, 505, 3);
INSERT INTO `absen` VALUES (368, '2025-01-08', '07:42:19', '20:00:53', 0, 0, 1, 2025, '1.041130353931573', '104.00326535133934', NULL, NULL, 0, 534, 3);
INSERT INTO `absen` VALUES (369, '2025-01-08', '07:43:16', '17:09:20', 0, 0, 1, 2025, '1.0411889', '104.0033809', NULL, NULL, 0, 404, 3);
INSERT INTO `absen` VALUES (370, '2025-01-08', '07:43:38', '17:02:09', 0, 0, 1, 2025, '1.041245', '104.0029867', NULL, NULL, 0, 460, 3);
INSERT INTO `absen` VALUES (371, '2025-01-08', '07:43:40', '20:00:20', 0, 0, 1, 2025, '1.0409598', '104.0033071', NULL, NULL, 0, 493, 3);
INSERT INTO `absen` VALUES (372, '2025-01-08', '07:43:44', '20:01:40', 0, 0, 1, 2025, '1.0410046', '104.0033417', NULL, NULL, 0, 510, 3);
INSERT INTO `absen` VALUES (373, '2025-01-08', '07:43:56', '17:02:04', 0, 0, 1, 2025, '1.0409178', '104.0033907', NULL, NULL, 0, 486, 3);
INSERT INTO `absen` VALUES (374, '2025-01-08', '07:44:01', '20:00:28', 0, 0, 1, 2025, '1.0409722', '104.003344', NULL, NULL, 0, 526, 3);
INSERT INTO `absen` VALUES (375, '2025-01-08', '07:44:05', '20:00:05', 0, 0, 1, 2025, '1.0409344', '104.0034046', NULL, NULL, 0, 540, 3);
INSERT INTO `absen` VALUES (376, '2025-01-08', '07:44:18', '17:56:17', 0, 0, 1, 2025, '1.0411506', '104.0034134', NULL, NULL, 0, 521, 3);
INSERT INTO `absen` VALUES (377, '2025-01-08', '07:44:18', '20:00:18', 0, 0, 1, 2025, '1.041069', '104.0033617', NULL, NULL, 0, 399, 3);
INSERT INTO `absen` VALUES (378, '2025-01-08', '07:44:21', '20:01:35', 0, 0, 1, 2025, '1.0411705', '104.0033855', NULL, NULL, 0, 358, 3);
INSERT INTO `absen` VALUES (379, '2025-01-08', '07:45:24', '20:02:16', 0, 0, 1, 2025, '1.0410721', '104.0033407', NULL, NULL, 0, 260, 3);
INSERT INTO `absen` VALUES (380, '2025-01-08', '07:45:27', '20:01:30', 0, 0, 1, 2025, '1.0409708', '104.0033956', NULL, NULL, 0, 401, 3);
INSERT INTO `absen` VALUES (381, '2025-01-08', '07:45:30', '20:01:04', 0, 0, 1, 2025, '1.0411302592187013', '104.00339871623605', NULL, NULL, 0, 496, 3);
INSERT INTO `absen` VALUES (382, '2025-01-08', '07:45:34', '20:00:19', 0, 0, 1, 2025, '1.0411531', '104.0033177', NULL, NULL, 0, 356, 3);
INSERT INTO `absen` VALUES (383, '2025-01-08', '07:45:38', '17:06:53', 0, 0, 1, 2025, '1.0410589', '104.0030153', NULL, NULL, 0, 405, 3);
INSERT INTO `absen` VALUES (384, '2025-01-08', '07:46:09', '17:03:43', 0, 0, 1, 2025, '1.0409542', '104.0031804', NULL, NULL, 0, 303, 3);
INSERT INTO `absen` VALUES (385, '2025-01-08', '07:46:28', '20:02:12', 0, 0, 1, 2025, '1.0411895', '104.0033603', NULL, NULL, 0, 525, 3);
INSERT INTO `absen` VALUES (386, '2025-01-08', '07:46:28', '20:01:14', 0, 0, 1, 2025, '1.0409823', '104.0033765', NULL, NULL, 0, 498, 3);
INSERT INTO `absen` VALUES (387, '2025-01-08', '07:46:40', '20:00:24', 0, 0, 1, 2025, '1.0411254', '104.0033641', NULL, NULL, 0, 262, 3);
INSERT INTO `absen` VALUES (388, '2025-01-08', '07:47:21', '20:04:41', 0, 0, 1, 2025, '1.0410533', '104.0033374', NULL, NULL, 0, 492, 3);
INSERT INTO `absen` VALUES (389, '2025-01-08', '07:47:26', '17:53:31', 0, 0, 1, 2025, '1.0411764806547366', '104.00342253105931', NULL, NULL, 0, 80, 3);
INSERT INTO `absen` VALUES (390, '2025-01-08', '07:47:27', '20:02:36', 0, 0, 1, 2025, '1.0408947', '104.0033165', NULL, NULL, 0, 135, 3);
INSERT INTO `absen` VALUES (391, '2025-01-08', '07:47:29', NULL, 0, 0, 1, 2025, '1.0413052552231812', '104.00323180006397', NULL, NULL, 0, 84, 3);
INSERT INTO `absen` VALUES (392, '2025-01-08', '07:47:51', '20:01:18', 0, 0, 1, 2025, '1.0411583438427736', '104.00344742087704', NULL, NULL, 0, 523, 3);
INSERT INTO `absen` VALUES (393, '2025-01-08', '07:47:57', '17:02:29', 0, 0, 1, 2025, '1.0412305', '104.003307', NULL, NULL, 0, 73, 3);
INSERT INTO `absen` VALUES (394, '2025-01-08', '07:48:27', '17:03:58', 0, 0, 1, 2025, '1.0408456998089783', '104.00328785929105', NULL, NULL, 0, 488, 3);
INSERT INTO `absen` VALUES (395, '2025-01-08', '07:48:41', '17:00:24', 0, 0, 1, 2025, '1.0414604508804486', '104.00313225089293', NULL, NULL, 0, 77, 3);
INSERT INTO `absen` VALUES (396, '2025-01-08', '07:48:54', '20:03:56', 0, 0, 1, 2025, '1.0408717', '104.0033238', NULL, NULL, 0, 308, 3);
INSERT INTO `absen` VALUES (397, '2025-01-08', '07:49:15', '20:01:14', 0, 0, 1, 2025, '1.0412288542608956', '104.00339435467974', NULL, NULL, 0, 406, 3);
INSERT INTO `absen` VALUES (398, '2025-01-08', '07:49:30', '20:00:48', 0, 0, 1, 2025, '1.0409872', '104.0033394', NULL, NULL, 0, 471, 3);
INSERT INTO `absen` VALUES (399, '2025-01-08', '07:49:35', '20:01:24', 0, 0, 1, 2025, '1.0411912', '104.0033802', NULL, NULL, 0, 123, 3);
INSERT INTO `absen` VALUES (400, '2025-01-08', '07:49:54', '17:05:19', 0, 0, 1, 2025, '1.0413380333277917', '104.00324344599699', NULL, NULL, 0, 507, 3);
INSERT INTO `absen` VALUES (401, '2025-01-08', NULL, '19:09:09', 0, 0, 1, 2025, '1.0412899', '104.0033507', NULL, NULL, 0, 78, 3);
INSERT INTO `absen` VALUES (402, '2025-01-09', '06:47:23', NULL, 0, 0, 1, 2025, '1.0412324', '104.0033927', NULL, NULL, 0, 467, 3);
INSERT INTO `absen` VALUES (403, '2025-01-09', '07:04:29', NULL, 0, 0, 1, 2025, '1.0411693', '104.0034234', NULL, NULL, 0, 85, 3);
INSERT INTO `absen` VALUES (404, '2025-01-09', '07:04:56', NULL, 0, 0, 1, 2025, '1.0412143', '104.0033845', NULL, NULL, 0, 538, 3);
INSERT INTO `absen` VALUES (405, '2025-01-09', '07:09:00', NULL, 0, 0, 1, 2025, '1.0408738', '104.0033773', NULL, NULL, 0, 539, 3);
INSERT INTO `absen` VALUES (406, '2025-01-09', '07:16:51', NULL, 0, 0, 1, 2025, '1.0409942146878879', '104.00341519605233', NULL, NULL, 0, 515, 3);
INSERT INTO `absen` VALUES (407, '2025-01-09', '07:17:03', NULL, 0, 0, 1, 2025, '1.0412794931634743', '104.00320593075166', NULL, NULL, 0, 276, 3);
INSERT INTO `absen` VALUES (408, '2025-01-09', '07:17:35', NULL, 0, 0, 1, 2025, '1.0411768', '104.0033482', NULL, NULL, 0, 514, 3);
INSERT INTO `absen` VALUES (409, '2025-01-09', '07:19:29', NULL, 0, 0, 1, 2025, '1.0411619', '104.0033764', NULL, NULL, 0, 522, 3);
INSERT INTO `absen` VALUES (410, '2025-01-09', '07:21:07', NULL, 0, 0, 1, 2025, '1.0411586942759912', '104.00323911049331', NULL, NULL, 0, 465, 3);
INSERT INTO `absen` VALUES (411, '2025-01-09', '07:26:13', NULL, 0, 0, 1, 2025, '1.0411555', '104.0033531', NULL, NULL, 0, 536, 3);
INSERT INTO `absen` VALUES (412, '2025-01-09', '07:26:55', NULL, 0, 0, 1, 2025, '1.041175', '104.0033712', NULL, NULL, 0, 524, 3);
INSERT INTO `absen` VALUES (413, '2025-01-09', '07:27:22', NULL, 0, 0, 1, 2025, '1.040934', '104.0032278', NULL, NULL, 0, 458, 3);
INSERT INTO `absen` VALUES (414, '2025-01-09', '07:28:50', NULL, 0, 0, 1, 2025, '1.041193', '104.0033519', NULL, NULL, 0, 82, 3);
INSERT INTO `absen` VALUES (415, '2025-01-09', '07:28:59', NULL, 0, 0, 1, 2025, '1.0411837', '104.0033789', NULL, NULL, 0, 532, 3);
INSERT INTO `absen` VALUES (416, '2025-01-09', '07:29:04', NULL, 0, 0, 1, 2025, '1.0409373467642555', '104.00340628119638', NULL, NULL, 0, 508, 3);
INSERT INTO `absen` VALUES (417, '2025-01-09', '07:29:18', NULL, 0, 0, 1, 2025, '1.0409854', '104.0033991', NULL, NULL, 0, 491, 3);
INSERT INTO `absen` VALUES (418, '2025-01-09', '07:29:27', NULL, 0, 0, 1, 2025, '1.0409322', '104.0033793', NULL, NULL, 0, 542, 3);
INSERT INTO `absen` VALUES (419, '2025-01-09', '07:30:00', NULL, 0, 0, 1, 2025, '1.0411688', '104.0033473', NULL, NULL, 0, 502, 3);
INSERT INTO `absen` VALUES (420, '2025-01-09', '07:31:02', NULL, 0, 0, 1, 2025, '1.041198', '104.0034575', NULL, NULL, 0, 537, 3);
INSERT INTO `absen` VALUES (421, '2025-01-09', '07:31:19', NULL, 0, 0, 1, 2025, '1.0411733', '104.0033789', NULL, NULL, 0, 74, 3);
INSERT INTO `absen` VALUES (422, '2025-01-09', '07:31:29', NULL, 0, 0, 1, 2025, '1.0409749', '104.0034554', NULL, NULL, 0, 529, 3);
INSERT INTO `absen` VALUES (423, '2025-01-09', '07:31:34', NULL, 0, 0, 1, 2025, '1.0408790349692292', '104.0034103692689', NULL, NULL, 0, 470, 3);
INSERT INTO `absen` VALUES (424, '2025-01-09', '07:31:36', NULL, 0, 0, 1, 2025, '1.0408875', '104.003347', NULL, NULL, 0, 261, 3);
INSERT INTO `absen` VALUES (425, '2025-01-09', '07:31:59', NULL, 0, 0, 1, 2025, '1.0411625', '104.0034196', NULL, NULL, 0, 516, 3);
INSERT INTO `absen` VALUES (426, '2025-01-09', '07:32:10', NULL, 0, 0, 1, 2025, '1.0410933', '104.0033494', NULL, NULL, 0, 492, 3);
INSERT INTO `absen` VALUES (427, '2025-01-09', '07:34:05', NULL, 0, 0, 1, 2025, '1.0409256', '104.0033482', NULL, NULL, 0, 503, 3);
INSERT INTO `absen` VALUES (428, '2025-01-09', '07:34:47', NULL, 0, 0, 1, 2025, '1.0409082', '104.0033177', NULL, NULL, 0, 457, 3);
INSERT INTO `absen` VALUES (429, '2025-01-09', '07:35:09', NULL, 0, 0, 1, 2025, '1.0410571', '104.0033513', NULL, NULL, 0, 297, 3);
INSERT INTO `absen` VALUES (430, '2025-01-09', '07:35:40', NULL, 0, 0, 1, 2025, '1.0413137597477429', '104.00323446996256', NULL, NULL, 0, 534, 3);
INSERT INTO `absen` VALUES (431, '2025-01-09', '07:35:59', NULL, 0, 0, 1, 2025, '1.0410013', '104.0033959', NULL, NULL, 0, 540, 3);
INSERT INTO `absen` VALUES (432, '2025-01-09', '07:36:37', NULL, 0, 0, 1, 2025, '1.0411381', '104.0033768', NULL, NULL, 0, 273, 3);
INSERT INTO `absen` VALUES (433, '2025-01-09', '07:36:57', NULL, 0, 0, 1, 2025, '1.041043', '104.003291', NULL, NULL, 0, 459, 3);
INSERT INTO `absen` VALUES (434, '2025-01-09', '07:37:37', NULL, 0, 0, 1, 2025, '1.0410782', '104.0030148', NULL, NULL, 0, 303, 3);
INSERT INTO `absen` VALUES (435, '2025-01-09', '07:37:56', NULL, 0, 0, 1, 2025, '1.0410367', '104.0033496', NULL, NULL, 0, 526, 3);
INSERT INTO `absen` VALUES (436, '2025-01-09', '07:38:52', NULL, 0, 0, 1, 2025, '1.0410387', '104.0033832', NULL, NULL, 0, 139, 3);
INSERT INTO `absen` VALUES (437, '2025-01-09', '07:38:54', NULL, 0, 0, 1, 2025, '1.0411411', '104.0033764', NULL, NULL, 0, 498, 3);
INSERT INTO `absen` VALUES (438, '2025-01-09', '07:39:09', NULL, 0, 0, 1, 2025, '1.0411608', '104.0033634', NULL, NULL, 0, 262, 3);
INSERT INTO `absen` VALUES (439, '2025-01-09', '07:39:19', NULL, 0, 0, 1, 2025, '1.0411275', '104.0033682', NULL, NULL, 0, 307, 3);
INSERT INTO `absen` VALUES (440, '2025-01-09', '07:40:52', NULL, 0, 0, 1, 2025, '1.0411992', '104.0033723', NULL, NULL, 0, 404, 3);
INSERT INTO `absen` VALUES (441, '2025-01-09', '07:41:03', NULL, 0, 0, 1, 2025, '1.0411103', '104.0033538', NULL, NULL, 0, 259, 3);
INSERT INTO `absen` VALUES (442, '2025-01-09', '07:41:04', NULL, 0, 0, 1, 2025, '1.0412537', '104.0032882', NULL, NULL, 0, 78, 3);
INSERT INTO `absen` VALUES (443, '2025-01-09', '07:41:28', NULL, 0, 0, 1, 2025, '1.0409157', '104.0033157', NULL, NULL, 0, 505, 3);
INSERT INTO `absen` VALUES (444, '2025-01-09', '07:41:49', NULL, 0, 0, 1, 2025, '1.041164', '104.00338', NULL, NULL, 0, 510, 3);
INSERT INTO `absen` VALUES (445, '2025-01-09', '07:42:14', NULL, 0, 0, 1, 2025, '1.0409099', '104.0032836', NULL, NULL, 0, 493, 3);
INSERT INTO `absen` VALUES (446, '2025-01-09', '07:42:25', NULL, 0, 0, 1, 2025, '1.0409415', '104.0032967', NULL, NULL, 0, 260, 3);
INSERT INTO `absen` VALUES (447, '2025-01-09', '07:42:30', NULL, 0, 0, 1, 2025, '1.0409188', '104.0033588', NULL, NULL, 0, 486, 3);
INSERT INTO `absen` VALUES (448, '2025-01-09', '07:42:39', NULL, 0, 0, 1, 2025, '1.0409581', '104.0033336', NULL, NULL, 0, 301, 3);
INSERT INTO `absen` VALUES (449, '2025-01-09', '07:43:08', NULL, 0, 0, 1, 2025, '1.0411164', '104.0034188', NULL, NULL, 0, 401, 3);
INSERT INTO `absen` VALUES (450, '2025-01-09', '07:43:35', NULL, 0, 0, 1, 2025, '1.0411502', '104.0034142', NULL, NULL, 0, 358, 3);
INSERT INTO `absen` VALUES (451, '2025-01-09', '07:44:15', NULL, 0, 0, 1, 2025, '1.0411', '104.0029441', NULL, NULL, 0, 405, 3);
INSERT INTO `absen` VALUES (452, '2025-01-09', '07:45:17', NULL, 0, 0, 1, 2025, '1.0413929', '104.0034108', NULL, NULL, 0, 73, 3);
INSERT INTO `absen` VALUES (453, '2025-01-09', '07:45:23', NULL, 0, 0, 1, 2025, '1.041379105621097', '104.00317991618428', NULL, NULL, 0, 84, 3);
INSERT INTO `absen` VALUES (454, '2025-01-09', '07:45:27', NULL, 0, 0, 1, 2025, '1.0409821', '104.0033085', NULL, NULL, 0, 135, 3);
INSERT INTO `absen` VALUES (455, '2025-01-09', '07:45:38', NULL, 0, 0, 1, 2025, '1.0411644', '104.0033731', NULL, NULL, 0, 356, 3);
INSERT INTO `absen` VALUES (456, '2025-01-09', '07:46:13', NULL, 0, 0, 1, 2025, '1.0411983', '104.0034133', NULL, NULL, 0, 521, 3);
INSERT INTO `absen` VALUES (457, '2025-01-09', '07:46:53', NULL, 0, 0, 1, 2025, '1.0408858671738894', '104.00335495414305', NULL, NULL, 0, 488, 3);
INSERT INTO `absen` VALUES (458, '2025-01-09', '07:46:54', NULL, 0, 0, 1, 2025, '1.0412135686497646', '104.0035006824907', NULL, NULL, 0, 80, 3);
INSERT INTO `absen` VALUES (459, '2025-01-09', '07:46:58', NULL, 0, 0, 1, 2025, '1.0411007', '104.0034466', NULL, NULL, 0, 525, 3);
INSERT INTO `absen` VALUES (460, '2025-01-09', '07:47:11', NULL, 0, 0, 1, 2025, '1.0411083', '104.0033655', NULL, NULL, 0, 399, 3);
INSERT INTO `absen` VALUES (461, '2025-01-09', '07:47:35', NULL, 0, 0, 1, 2025, '1.0413966', '104.0031914', NULL, NULL, 0, 460, 3);
INSERT INTO `absen` VALUES (462, '2025-01-09', '07:47:53', NULL, 0, 0, 1, 2025, '1.041170831238054', '104.0033321236958', NULL, NULL, 0, 496, 3);
INSERT INTO `absen` VALUES (463, '2025-01-09', '07:48:35', NULL, 0, 0, 1, 2025, '1.0411845065457954', '104.00346702973037', NULL, NULL, 0, 523, 3);
INSERT INTO `absen` VALUES (464, '2025-01-09', '07:49:15', NULL, 0, 0, 1, 2025, '1.0409051', '104.0033573', NULL, NULL, 0, 471, 3);
INSERT INTO `absen` VALUES (465, '2025-01-09', '07:49:21', NULL, 0, 0, 1, 2025, '1.0411543', '104.0033642', NULL, NULL, 0, 123, 3);
INSERT INTO `absen` VALUES (466, '2025-01-09', '07:49:47', NULL, 0, 0, 1, 2025, '1.0409294', '104.00331', NULL, NULL, 0, 308, 3);
INSERT INTO `absen` VALUES (467, '2025-01-09', '07:50:04', NULL, 0, 0, 1, 2025, '1.0411285246958673', '104.00343769131503', NULL, NULL, 0, 406, 3);
INSERT INTO `absen` VALUES (468, '2025-01-09', '07:50:14', NULL, 0, 0, 1, 2025, '1.0410614', '104.0033655', NULL, NULL, 0, 535, 3);
INSERT INTO `absen` VALUES (469, '2025-01-09', '07:50:26', NULL, 0, 0, 1, 2025, '1.0414273652977137', '104.00309312611746', NULL, NULL, 0, 507, 3);
INSERT INTO `absen` VALUES (470, '2025-01-09', '07:52:04', NULL, 2, 0, 1, 2025, '1.041427672321343', '104.00309473980649', 'Edit Absen', NULL, 1, 77, 3);

-- ----------------------------
-- Table structure for access
-- ----------------------------
DROP TABLE IF EXISTS `access`;
CREATE TABLE `access`  (
  `role_id` int NOT NULL,
  `menu_id` int NOT NULL,
  `view` tinyint(1) NOT NULL DEFAULT 0,
  `insert` tinyint(1) NOT NULL DEFAULT 0,
  `update` tinyint(1) NOT NULL DEFAULT 0,
  `delete` tinyint(1) NOT NULL DEFAULT 0,
  PRIMARY KEY (`role_id`, `menu_id`) USING BTREE,
  INDEX `access_menu_id_fkey`(`menu_id` ASC) USING BTREE,
  CONSTRAINT `access_menu_id_fkey` FOREIGN KEY (`menu_id`) REFERENCES `menu` (`id`) ON DELETE RESTRICT ON UPDATE CASCADE,
  CONSTRAINT `access_role_id_fkey` FOREIGN KEY (`role_id`) REFERENCES `roles` (`id`) ON DELETE RESTRICT ON UPDATE CASCADE
) ENGINE = InnoDB CHARACTER SET = utf8mb4 COLLATE = utf8mb4_unicode_ci ROW_FORMAT = Dynamic;

-- ----------------------------
-- Records of access
-- ----------------------------
INSERT INTO `access` VALUES (1, 1, 1, 1, 1, 1);
INSERT INTO `access` VALUES (1, 2, 1, 1, 1, 1);
INSERT INTO `access` VALUES (1, 3, 1, 1, 1, 1);
INSERT INTO `access` VALUES (1, 4, 1, 1, 1, 1);
INSERT INTO `access` VALUES (1, 5, 1, 1, 1, 1);
INSERT INTO `access` VALUES (1, 6, 1, 1, 1, 1);
INSERT INTO `access` VALUES (1, 7, 1, 1, 1, 1);
INSERT INTO `access` VALUES (1, 8, 1, 1, 1, 1);
INSERT INTO `access` VALUES (1, 9, 1, 1, 1, 1);
INSERT INTO `access` VALUES (1, 10, 1, 1, 1, 1);

-- ----------------------------
-- Table structure for access_department
-- ----------------------------
DROP TABLE IF EXISTS `access_department`;
CREATE TABLE `access_department`  (
  `role_id` int NOT NULL,
  `department_id` int NOT NULL,
  PRIMARY KEY (`role_id`, `department_id`) USING BTREE,
  INDEX `access_department_department_id_fkey`(`department_id` ASC) USING BTREE,
  CONSTRAINT `access_department_department_id_fkey` FOREIGN KEY (`department_id`) REFERENCES `department` (`id`) ON DELETE RESTRICT ON UPDATE CASCADE,
  CONSTRAINT `access_department_role_id_fkey` FOREIGN KEY (`role_id`) REFERENCES `roles` (`id`) ON DELETE RESTRICT ON UPDATE CASCADE
) ENGINE = InnoDB CHARACTER SET = utf8mb4 COLLATE = utf8mb4_unicode_ci ROW_FORMAT = Dynamic;

-- ----------------------------
-- Records of access_department
-- ----------------------------
INSERT INTO `access_department` VALUES (1, 1);

-- ----------------------------
-- Table structure for access_sub_department
-- ----------------------------
DROP TABLE IF EXISTS `access_sub_department`;
CREATE TABLE `access_sub_department`  (
  `role_id` int NOT NULL,
  `sub_department_id` int NOT NULL,
  PRIMARY KEY (`role_id`, `sub_department_id`) USING BTREE,
  INDEX `access_sub_department_sub_department_id_fkey`(`sub_department_id` ASC) USING BTREE,
  CONSTRAINT `access_sub_department_role_id_fkey` FOREIGN KEY (`role_id`) REFERENCES `roles` (`id`) ON DELETE RESTRICT ON UPDATE CASCADE,
  CONSTRAINT `access_sub_department_sub_department_id_fkey` FOREIGN KEY (`sub_department_id`) REFERENCES `sub_department` (`id`) ON DELETE RESTRICT ON UPDATE CASCADE
) ENGINE = InnoDB CHARACTER SET = utf8mb4 COLLATE = utf8mb4_unicode_ci ROW_FORMAT = Dynamic;

-- ----------------------------
-- Records of access_sub_department
-- ----------------------------
INSERT INTO `access_sub_department` VALUES (1, 1);

-- ----------------------------
-- Table structure for akses_izin
-- ----------------------------
DROP TABLE IF EXISTS `akses_izin`;
CREATE TABLE `akses_izin`  (
  `id` int NOT NULL AUTO_INCREMENT,
  `sub_department_id` int NOT NULL,
  `jenis_izin_kode` varchar(191) CHARACTER SET utf8mb4 COLLATE utf8mb4_unicode_ci NOT NULL,
  PRIMARY KEY (`id`) USING BTREE,
  INDEX `akses_izin_sub_department_id_fkey`(`sub_department_id` ASC) USING BTREE,
  INDEX `akses_izin_jenis_izin_kode_fkey`(`jenis_izin_kode` ASC) USING BTREE,
  CONSTRAINT `akses_izin_jenis_izin_kode_fkey` FOREIGN KEY (`jenis_izin_kode`) REFERENCES `jenis_izin` (`kode`) ON DELETE RESTRICT ON UPDATE CASCADE,
  CONSTRAINT `akses_izin_sub_department_id_fkey` FOREIGN KEY (`sub_department_id`) REFERENCES `sub_department` (`id`) ON DELETE RESTRICT ON UPDATE CASCADE
) ENGINE = InnoDB AUTO_INCREMENT = 8 CHARACTER SET = utf8mb4 COLLATE = utf8mb4_unicode_ci ROW_FORMAT = Dynamic;

-- ----------------------------
-- Records of akses_izin
-- ----------------------------
INSERT INTO `akses_izin` VALUES (5, 9, 'C');
INSERT INTO `akses_izin` VALUES (6, 9, 'CS');
INSERT INTO `akses_izin` VALUES (7, 9, 'G1');

-- ----------------------------
-- Table structure for department
-- ----------------------------
DROP TABLE IF EXISTS `department`;
CREATE TABLE `department`  (
  `id` int NOT NULL AUTO_INCREMENT,
  `nama_department` varchar(191) CHARACTER SET utf8mb4 COLLATE utf8mb4_unicode_ci NOT NULL,
  `latitude` varchar(191) CHARACTER SET utf8mb4 COLLATE utf8mb4_unicode_ci NULL DEFAULT NULL,
  `longitude` varchar(191) CHARACTER SET utf8mb4 COLLATE utf8mb4_unicode_ci NULL DEFAULT NULL,
  `radius` varchar(191) CHARACTER SET utf8mb4 COLLATE utf8mb4_unicode_ci NULL DEFAULT NULL,
  `created_at` datetime NULL DEFAULT NULL,
  `is_deleted` tinyint(1) NOT NULL DEFAULT 0,
  PRIMARY KEY (`id`) USING BTREE,
  UNIQUE INDEX `department_nama_department_key`(`nama_department` ASC) USING BTREE
) ENGINE = InnoDB AUTO_INCREMENT = 2 CHARACTER SET = utf8mb4 COLLATE = utf8mb4_unicode_ci ROW_FORMAT = Dynamic;

-- ----------------------------
-- Records of department
-- ----------------------------
INSERT INTO `department` VALUES (1, 'PANJI JAYA', NULL, NULL, NULL, NULL, 0);

-- ----------------------------
-- Table structure for jenis_izin
-- ----------------------------
DROP TABLE IF EXISTS `jenis_izin`;
CREATE TABLE `jenis_izin`  (
  `kode` varchar(191) CHARACTER SET utf8mb4 COLLATE utf8mb4_unicode_ci NOT NULL,
  `jenis` varchar(191) CHARACTER SET utf8mb4 COLLATE utf8mb4_unicode_ci NOT NULL,
  PRIMARY KEY (`kode`) USING BTREE,
  UNIQUE INDEX `jenis_izin_kode_key`(`kode` ASC) USING BTREE
) ENGINE = InnoDB CHARACTER SET = utf8mb4 COLLATE = utf8mb4_unicode_ci ROW_FORMAT = Dynamic;

-- ----------------------------
-- Records of jenis_izin
-- ----------------------------
INSERT INTO `jenis_izin` VALUES ('C', 'CUTI');
INSERT INTO `jenis_izin` VALUES ('CS', 'CUTI (1/2 HARI)');
INSERT INTO `jenis_izin` VALUES ('G1', 'GATEPASS (JAM KERJA)');
INSERT INTO `jenis_izin` VALUES ('G2', 'GATEPASS  (DATANG TERLAMBAT)');
INSERT INTO `jenis_izin` VALUES ('G3', 'GATEPASS (PULANG AWAL)');
INSERT INTO `jenis_izin` VALUES ('I', 'IZIN/UNPAID');
INSERT INTO `jenis_izin` VALUES ('IS', 'IZIN/UNPAID (1/2 HARI)');
INSERT INTO `jenis_izin` VALUES ('LA1', 'LUPA ABSEN MASUK');
INSERT INTO `jenis_izin` VALUES ('LA2', 'LUPA ABSEN PULANG');
INSERT INTO `jenis_izin` VALUES ('P/M', 'LUPA ABSEN');
INSERT INTO `jenis_izin` VALUES ('S', 'SAKIT/MC');
INSERT INTO `jenis_izin` VALUES ('TA1', 'TIDAK ABSEN MASUK');
INSERT INTO `jenis_izin` VALUES ('TA2', 'TIDAK ABSEN PULANG');

-- ----------------------------
-- Table structure for menu
-- ----------------------------
DROP TABLE IF EXISTS `menu`;
CREATE TABLE `menu`  (
  `id` int NOT NULL AUTO_INCREMENT,
  `menu` varchar(191) CHARACTER SET utf8mb4 COLLATE utf8mb4_unicode_ci NULL DEFAULT NULL,
  `path` varchar(191) CHARACTER SET utf8mb4 COLLATE utf8mb4_unicode_ci NULL DEFAULT NULL,
  `last_path` varchar(191) CHARACTER SET utf8mb4 COLLATE utf8mb4_unicode_ci NULL DEFAULT NULL,
  `urut` int NULL DEFAULT NULL,
  `menu_group_id` int NOT NULL,
  PRIMARY KEY (`id`) USING BTREE,
  INDEX `menu_urut_menu_group_id_idx`(`urut` ASC, `menu_group_id` ASC) USING BTREE,
  INDEX `menu_menu_group_id_fkey`(`menu_group_id` ASC) USING BTREE,
  CONSTRAINT `menu_menu_group_id_fkey` FOREIGN KEY (`menu_group_id`) REFERENCES `menu_group` (`id`) ON DELETE RESTRICT ON UPDATE CASCADE
) ENGINE = InnoDB AUTO_INCREMENT = 11 CHARACTER SET = utf8mb4 COLLATE = utf8mb4_unicode_ci ROW_FORMAT = Dynamic;

-- ----------------------------
-- Records of menu
-- ----------------------------
INSERT INTO `menu` VALUES (1, 'MENU GROUP', 'config/menu_group', 'menu_group', 1, 1);
INSERT INTO `menu` VALUES (2, 'MENU', 'config/menu', 'menu', 2, 1);
INSERT INTO `menu` VALUES (3, 'ROLES', 'config/roles', 'roles', 3, 1);
INSERT INTO `menu` VALUES (4, 'DEPARTMENT', 'config/department', 'department', 4, 1);
INSERT INTO `menu` VALUES (5, 'SUB DEPARTMENT', 'config/sub_department', 'sub_department', 5, 1);
INSERT INTO `menu` VALUES (6, 'ACCESS', 'config/access', 'access', 6, 1);
INSERT INTO `menu` VALUES (7, 'DATA KARYAWAN', 'hr/datakaryawan', 'datakaryawan', 1, 2);
INSERT INTO `menu` VALUES (8, 'SHIFT - MASTER', 'hr/shift-master', 'shift-master', 2, 2);
INSERT INTO `menu` VALUES (9, 'SHIFT - ACTIVE', 'hr/shift-active', 'shift-active', 3, 2);
INSERT INTO `menu` VALUES (10, 'ABSENSI', 'hr/absensi', 'absensi', 4, 2);

-- ----------------------------
-- Table structure for menu_group
-- ----------------------------
DROP TABLE IF EXISTS `menu_group`;
CREATE TABLE `menu_group`  (
  `id` int NOT NULL AUTO_INCREMENT,
  `menu_group` varchar(191) CHARACTER SET utf8mb4 COLLATE utf8mb4_unicode_ci NOT NULL,
  `urut` int NULL DEFAULT NULL,
  `group` tinyint(1) NULL DEFAULT NULL,
  `parent_id` varchar(191) CHARACTER SET utf8mb4 COLLATE utf8mb4_unicode_ci NULL DEFAULT NULL,
  PRIMARY KEY (`id`) USING BTREE,
  UNIQUE INDEX `menu_group_menu_group_key`(`menu_group` ASC) USING BTREE,
  INDEX `menu_group_menu_group_urut_parent_id_idx`(`menu_group` ASC, `urut` ASC, `parent_id` ASC) USING BTREE
) ENGINE = InnoDB AUTO_INCREMENT = 3 CHARACTER SET = utf8mb4 COLLATE = utf8mb4_unicode_ci ROW_FORMAT = Dynamic;

-- ----------------------------
-- Records of menu_group
-- ----------------------------
INSERT INTO `menu_group` VALUES (1, 'CONFIG', 99, 1, 'config');
INSERT INTO `menu_group` VALUES (2, 'HR', 1, 1, 'hr');

-- ----------------------------
-- Table structure for pegawai
-- ----------------------------
DROP TABLE IF EXISTS `pegawai`;
CREATE TABLE `pegawai`  (
  `id` int NOT NULL AUTO_INCREMENT,
  `panji_id` varchar(191) CHARACTER SET utf8mb4 COLLATE utf8mb4_unicode_ci NULL DEFAULT NULL,
  `nama` varchar(191) CHARACTER SET utf8mb4 COLLATE utf8mb4_unicode_ci NOT NULL,
  `nik_ktp` varchar(191) CHARACTER SET utf8mb4 COLLATE utf8mb4_unicode_ci NOT NULL,
  `tmp_lahir` varchar(191) CHARACTER SET utf8mb4 COLLATE utf8mb4_unicode_ci NULL DEFAULT NULL,
  `tgl_lahir` date NULL DEFAULT NULL,
  `jk` varchar(191) CHARACTER SET utf8mb4 COLLATE utf8mb4_unicode_ci NOT NULL,
  `agama` varchar(191) CHARACTER SET utf8mb4 COLLATE utf8mb4_unicode_ci NULL DEFAULT NULL,
  `kebangsaan` varchar(191) CHARACTER SET utf8mb4 COLLATE utf8mb4_unicode_ci NULL DEFAULT NULL,
  `alamat` varchar(191) CHARACTER SET utf8mb4 COLLATE utf8mb4_unicode_ci NULL DEFAULT NULL,
  `rt` varchar(191) CHARACTER SET utf8mb4 COLLATE utf8mb4_unicode_ci NULL DEFAULT NULL,
  `rw` varchar(191) CHARACTER SET utf8mb4 COLLATE utf8mb4_unicode_ci NULL DEFAULT NULL,
  `kel` varchar(191) CHARACTER SET utf8mb4 COLLATE utf8mb4_unicode_ci NULL DEFAULT NULL,
  `kec` varchar(191) CHARACTER SET utf8mb4 COLLATE utf8mb4_unicode_ci NULL DEFAULT NULL,
  `kota` varchar(191) CHARACTER SET utf8mb4 COLLATE utf8mb4_unicode_ci NULL DEFAULT NULL,
  `telp` varchar(191) CHARACTER SET utf8mb4 COLLATE utf8mb4_unicode_ci NOT NULL,
  `status_nikah` varchar(191) CHARACTER SET utf8mb4 COLLATE utf8mb4_unicode_ci NOT NULL,
  `email` varchar(191) CHARACTER SET utf8mb4 COLLATE utf8mb4_unicode_ci NULL DEFAULT NULL,
  `position` varchar(191) CHARACTER SET utf8mb4 COLLATE utf8mb4_unicode_ci NULL DEFAULT NULL,
  `npwp` varchar(191) CHARACTER SET utf8mb4 COLLATE utf8mb4_unicode_ci NULL DEFAULT NULL,
  `jenis_bank` varchar(191) CHARACTER SET utf8mb4 COLLATE utf8mb4_unicode_ci NULL DEFAULT NULL,
  `no_rek` varchar(191) CHARACTER SET utf8mb4 COLLATE utf8mb4_unicode_ci NULL DEFAULT NULL,
  `bpjs_tk` varchar(191) CHARACTER SET utf8mb4 COLLATE utf8mb4_unicode_ci NULL DEFAULT NULL,
  `bpjs_kes` varchar(191) CHARACTER SET utf8mb4 COLLATE utf8mb4_unicode_ci NULL DEFAULT NULL,
  `is_active` tinyint(1) NOT NULL DEFAULT 1,
  `is_deleted` tinyint(1) NOT NULL DEFAULT 0,
  `department_id` int NOT NULL,
  `sub_department_id` int NULL DEFAULT NULL,
  `shift_id` int NULL DEFAULT NULL,
  `type_gaji` varchar(191) CHARACTER SET utf8mb4 COLLATE utf8mb4_unicode_ci NOT NULL DEFAULT 'nonfixed',
  `is_overtime` tinyint(1) NOT NULL DEFAULT 0,
  PRIMARY KEY (`id`) USING BTREE,
  INDEX `pegawai_department_id_fkey`(`department_id` ASC) USING BTREE,
  INDEX `pegawai_sub_department_id_fkey`(`sub_department_id` ASC) USING BTREE,
  INDEX `pegawai_shift_id_fkey`(`shift_id` ASC) USING BTREE,
  CONSTRAINT `pegawai_department_id_fkey` FOREIGN KEY (`department_id`) REFERENCES `department` (`id`) ON DELETE RESTRICT ON UPDATE CASCADE,
  CONSTRAINT `pegawai_shift_id_fkey` FOREIGN KEY (`shift_id`) REFERENCES `shift` (`id`) ON DELETE SET NULL ON UPDATE CASCADE,
  CONSTRAINT `pegawai_sub_department_id_fkey` FOREIGN KEY (`sub_department_id`) REFERENCES `sub_department` (`id`) ON DELETE SET NULL ON UPDATE CASCADE
) ENGINE = InnoDB AUTO_INCREMENT = 543 CHARACTER SET = utf8mb4 COLLATE = utf8mb4_unicode_ci ROW_FORMAT = Dynamic;

-- ----------------------------
-- Records of pegawai
-- ----------------------------
INSERT INTO `pegawai` VALUES (70, 'PIDIR', 'EDI WARMAN', '2171110601749008', 'KOTOHILALANG', '1974-01-06', 'L', 'Islam', 'INDONESIA', 'GRIYA BATU AJI ASRI BLOK G5 RT 002 / RW 016 SAGULUNG BATU AJI', '2', NULL, NULL, 'SAGULUNG', 'BATAM', '08116957522', 'K3', 'edi.w@panji-jaya.co.id', 'DIREKTUR', '58.073.766.6-215.000', 'Mandiri', '109-00-0565929-7', '11034520525', '0001290725381', 1, 0, 1, NULL, 3, 'fix', 0);
INSERT INTO `pegawai` VALUES (71, 'PJMGR', 'RIRI ARIANTO', '2171120605789001', 'BASO', '1978-05-06', 'L', 'Islam', 'INDONESIA', 'CITRA PENDAWA ASRI A-1 NO.22 ', '5', NULL, NULL, 'BATU AJI', 'BATAM', '08127028037', 'K2', 'riri.a@panji-jaya.co.id', 'GENERAL MANAGER', '69.845.534.2-215.000 ', 'Mandiri', '109-00-0565929-7', '12000164736', '0001143586978', 1, 0, 1, NULL, 3, 'fix', 0);
INSERT INTO `pegawai` VALUES (72, 'PJ - 0173', 'HENDRI', '2171091105819008', 'PEKANBARU', '1980-05-12', 'L', 'Islam', 'INDONESIA', 'PERUM SAGULUNG PERMAI BLOK A NO 78', '0', NULL, NULL, 'SAGULUNG', 'BATAM', '085274441533', 'K3', 'H3N1ISA@GMAIL.COM', 'MATERIAL HANDLE', NULL, 'Mandiri', '109-00-1731423-8', '19029937539', '0000202097812', 0, 0, 1, NULL, NULL, 'nonfixed', 1);
INSERT INTO `pegawai` VALUES (73, 'PJ - 0575', 'LELYANA OKTAVIA', '2171024310810002', 'KEDIRI', '1981-10-03', 'P', 'ISLAM', 'INDONESIA', 'PESONA ASRI BLOK B 14 NO 22, BATAM CENTRE', '1', NULL, NULL, 'BATAM KOTA', 'BATAM', '081268180021', 'K3', 'lelyanaoktavia1@gmail.com', 'OFFICER', '59.369.052.2-215.000 ', 'Mandiri', '109-00-1586592-6', '16058234473', '0001202351589', 1, 0, 1, NULL, 3, 'nonfixed', 1);
INSERT INTO `pegawai` VALUES (74, 'PJ - 0657', 'INDRA NURMALA CHANDRA', '2171120907839005', 'KOTO PANJANG ', '1983-07-09', 'L', 'ISLAM', 'INDONESIA', 'PERUM GRIYA PRIMA BLOK G NO. 24', '003', NULL, NULL, 'BATU AJI', 'BATAM', '082173626569', 'K3', 'BATAM8115@GMAIL.COM', 'OPERATOR', '68.961.521.9-215.000', 'Mandiri', '109-00-1662189-8', '19096622675', '0001131152174', 1, 0, 1, NULL, 3, 'nonfixed', 1);
INSERT INTO `pegawai` VALUES (75, 'PJ - 0658', 'WENDRI ', '2171120609759006', 'BASO', '1975-09-06', 'L', 'ISLAM', 'INDONESIA', 'PERUM MK. PARADISE BLK P NO. 05', '003', NULL, NULL, 'BATU AJI', 'BATAM', '081372888174', 'K3', 'WENDRISAJA@GMAIL.COM', 'HR MANAGER', '07.263.081.7-215.000', 'Mandiri', '109-00-0117822-7', '19096622683', '0001601787587', 1, 0, 1, NULL, 3, 'fix', 0);
INSERT INTO `pegawai` VALUES (76, 'NORA SUSAN', 'NORA SUSANTI', '1304134411930001', 'LUBUK JANTAN', '1993-11-04', 'P', 'ISLAM', 'INDONESIA', 'LEGENDA MALAKA BLOK H1 NO. 5', NULL, NULL, NULL, NULL, NULL, '', 'TK', 'nora.susan46@gmail.com', 'STAFF', '64.061.360.0-215.000', 'Mandiri', '109-00-1515989-0', '12037286718', '0001501207536', 0, 0, 1, NULL, NULL, 'nonfixed', 1);
INSERT INTO `pegawai` VALUES (77, 'PJ - 0627', 'NELPITA SARI', '1402035810970001', 'BONGKAL MALANG', '1996-10-18', 'P', 'Islam', 'INDONESIA', 'TAMAN HANG TUAH BLOK D2 NO. 7', NULL, NULL, NULL, 'BATAM KOTA', 'BATAM', '082382520292', 'K0', 'sari_nelpita@yahoo.com', 'STAFF', '83.020.208.1-213.000', 'Mandiri', '109-00-1676016-7', '18001203209', '0001500007937', 1, 0, 1, NULL, 3, 'nonfixed', 1);
INSERT INTO `pegawai` VALUES (78, 'PJ - 0739', 'RIKO HENDRA ', '2171101709810003', 'BUKIT TINGGI', '1981-09-17', 'L', 'Islam', 'INDONESIA', 'CENDANA THP VII BLOK F 8 NO. 8', '008', NULL, NULL, 'BATAM KOTA', 'BATAM', '81261443900', 'K3', 'rikohendra152@gmail.com', 'SPV', '08.188.822.4-215.000 ', 'Mandiri', '109-00-0492600-2', '20059963288', '0001495264678', 1, 0, 1, NULL, 3, 'nonfixed', 1);
INSERT INTO `pegawai` VALUES (79, 'PJ - 0797', 'RIA NOFITA SARI', '2171114802970001', 'BELAKANG PADANG', '1997-02-08', 'P', 'ISLAM', 'INDONESIA', 'PERUM GRIYA PERMAI BLOK B NO 2', '01', NULL, NULL, 'SAGULUNG', 'BATAM', '085668034796', 'TK', 'riafita4@gmail.com', 'STAFF', '96.915.261.0-225.000', 'Mandiri', '109-00-1796448-7', '2006688561', '0001324096593', 0, 0, 1, NULL, NULL, 'nonfixed', 1);
INSERT INTO `pegawai` VALUES (80, 'PJ - 0813', 'VIOLA RAHMADHIAN', '1305025702940001', 'PARIAMAN', '1994-02-17', 'P', 'ISLAM', 'INDONESIA', 'PERUM CIPTA ASRI BLOK 5 NO. 35', NULL, NULL, NULL, NULL, NULL, '081276425531', 'TK', 'violarahmadhian@gmail.com', 'STAFF', '82.067.570.0-201.000', 'Mandiri', '109-00-1683745-2', '18009135726', '0002300174932', 1, 0, 1, NULL, 3, 'nonfixed', 1);
INSERT INTO `pegawai` VALUES (81, 'PJ - 0826', 'ROMY ARDIAN', '2171101007800002', 'TANJUNG PINANG', '1980-07-10', 'L', 'ISLAM', 'INDONESIA', 'PERUMAHAN OMA BLOK A-2 NO. 09', NULL, NULL, NULL, NULL, NULL, '081364101707', 'K3', 'romy.ardian@panji-jaya.co.id', 'OPERATIONAL MANAGER', '07.972.125.4-215.000', 'Mandiri', '109-00-1146825-3', '07D20230000', '0001500037896', 1, 0, 1, NULL, 3, 'fix', 0);
INSERT INTO `pegawai` VALUES (82, 'PJ - 0838', 'ZULBAHRIZAL', '2171031502729021', 'LASI TUO', '1972-02-15', 'L', 'Islam', 'INDONESIA', 'TIBAN LAMA NO. 67 RT/RW. 004/006', '004', NULL, NULL, 'SEKUPANG', 'BATAM', '081364248155', 'K3', 'ZULBAHRIZALL@GMAIL.COM', 'DRIVER', NULL, 'Mandiri', '109-00-1909508-2', '21050659974', '0001293004462', 1, 0, 1, NULL, 3, 'nonfixed', 1);
INSERT INTO `pegawai` VALUES (83, 'PJ - 0872', 'AHMAD FIKRI', '2171102110000003', 'BATAM', '2000-10-21', 'L', 'ISLAM', 'INDONESIA', 'PERUMAHAN TAMAN RAYA TAHAP 3 BLOK HD NO. 31', NULL, NULL, NULL, NULL, 'BATAM', '082284571710', 'TK', 'af.690815@gmail.com', 'IT STAFF', NULL, 'Mandiri', '109-00-1774034-1', '21050659990', '0002075984379', 0, 0, 1, NULL, NULL, 'nonfixed', 1);
INSERT INTO `pegawai` VALUES (84, 'PJ - 0226', 'ERNI MAINISA', '1205165705970001', 'BESITANG', '1997-05-17', 'P', 'Islam', 'INDONESIA', 'PERUM PURI LEGENDA BLOK B.08 NO.10 ', '0', NULL, NULL, 'BATAM CENT', 'BATAM', '082170356775', 'TK', 'erni.mainisa@gmail.com', 'OPERATOR', '42.444.918.9-225.000 ', 'Mandiri', '109-00-1723076-4', '19048086011', '0001877912223', 1, 0, 1, NULL, 3, 'nonfixed', 1);
INSERT INTO `pegawai` VALUES (85, 'PJ - 0568', 'DEDI CANDRA TANJUNG', '120705307720003', 'Bukit tinggi', '1972-07-31', 'L', 'Islam', 'INDONESIA', NULL, NULL, NULL, NULL, NULL, NULL, '08', 'TK', 'deddybulle73@gmail.com', 'P', NULL, 'Mandiri', NULL, NULL, NULL, 1, 0, 1, NULL, 3, 'nonfixed', 1);
INSERT INTO `pegawai` VALUES (123, 'PJ - 0067', 'DOSMAIDA TAMPUBOLON', '2171116803769008', 'PIASA ULU', '1976-03-28', 'P', 'ISLAM', 'INDONESIA', 'PUTRA MORO INDAH II BLOK L NO.10', '1', NULL, NULL, 'SAGULUNG', 'BATAM', '081372159221', 'TK/2', 'dosmaidat@gmail.com', 'OPERATOR', '59.335.184.4-215.000 ', 'Mandiri', '109-00-1351251-2', '19074102591', '0001149734283', 1, 0, 1, NULL, 3, 'nonfixed', 1);
INSERT INTO `pegawai` VALUES (135, 'PJ - 0065', 'MARIATI YUSTINA SAMOSIR', '2171126106859010', 'DURI', '1985-06-21', 'P', 'KRISTEN', 'INDONESIA', 'TEMBESI CENTER BLOK C6 NO.6 ', '1', NULL, NULL, 'BATU AJI', 'BATAM', '', 'TK', 'monsam0608@gmail.com', 'OPERATOR', '79.740.691.5-215.000 ', 'Mandiri', '109-00-1772402-2', '20059963312', '0001135818213', 1, 0, 1, NULL, 3, 'nonfixed', 1);
INSERT INTO `pegawai` VALUES (139, 'PJ - 0179', 'GUSNELA', '1302084708860006', 'MUARA PANAS', '1986-08-07', 'P', 'ISLAM', 'INDONESIA', 'PERUM BUKIT SAKINAH BLOK HIRO 2 NO.4', '0', NULL, NULL, 'BATU AJI', 'BATAM', '', 'K1', 'gusnelagusnela@gmail.com', 'OPERATOR', '69.924784.7.215.000 ', 'Mandiri', '109-00-1465162-4', '20059963320', '0001824987554', 1, 0, 1, NULL, 3, 'nonfixed', 1);
INSERT INTO `pegawai` VALUES (148, 'PJ - 0436', 'YULI YANTI RAHMANA', '2171115907929002', 'BOYOLALI', '1992-07-19', 'P', 'ISLAM', 'INDONESIA', NULL, NULL, NULL, NULL, NULL, NULL, '', 'K1', 'yuli.marici@gmail.com', 'OPERATOR', NULL, 'Mandiri', NULL, '19048086037', '0001143774922', 0, 0, 1, NULL, NULL, 'nonfixed', 1);
INSERT INTO `pegawai` VALUES (170, 'PJ - 0215', 'YETI', '2171125505849011', 'PALEMBANG', '1984-05-15', 'P', 'ISLAM', 'INDONESIA', 'PERUM MKGR BLOK 3 NO.3', '3', NULL, NULL, 'BATU AJI', 'BATAM', '082169027981', 'K0', 'yetiaja4794@gmail.com', 'OPERATOR', NULL, 'Mandiri', '109-00-1495596-7', '19048086029', '0001819066972', 0, 0, 1, NULL, NULL, 'nonfixed', 1);
INSERT INTO `pegawai` VALUES (259, 'PJ - 0701', 'DESY NILAWATI', '2171115512869004', 'MUBA', '1986-12-15', 'P', 'ISLAM', 'INDONESIA', 'TEMBESI LESTARI', '3', NULL, NULL, 'SAGULUNG', 'BATAM', '', 'TK', 'desynilawati86@gmail.com', 'OPERATOR', '98.072.920.6-542.000 ', 'Mandiri', '109-00-1306873-9', '19074102567', '0001153450517', 1, 0, 1, NULL, 3, 'nonfixed', 1);
INSERT INTO `pegawai` VALUES (260, 'PJ - 0702', 'EMI SUSANTI', '1377045811840000', 'PAKASAI', '1984-11-18', 'P', 'Islam', 'INDONESIA', 'CIPTA SARANA BLOK C1 NO.18', '4', NULL, NULL, 'BATU AJI', 'BATAM', '085263894796', 'TK/1', 'emisusan1811@gmail.com', 'OPERATOR', '98.603.230.8.201.000 ', 'Mandiri', '109-00-1372394-5', '19074102583', '0001324427253', 1, 0, 1, NULL, 3, 'nonfixed', 1);
INSERT INTO `pegawai` VALUES (261, 'PJ - 0703', 'SRI INDRAYANTI', '2171115908819001', 'PADANG', '1981-08-19', 'P', 'ISLAM', 'INDONESIA', NULL, NULL, NULL, NULL, NULL, NULL, '', 'TK/2', 'sriindrayanti1908@gmail.com', 'OPERATOR', '55.213.427.2-215.000 ', 'Mandiri', NULL, '19074102559', '0001319051046', 1, 0, 1, NULL, 3, 'nonfixed', 1);
INSERT INTO `pegawai` VALUES (262, 'PJ - 0704', 'JANNARIAH', '1671116010920000', 'OKU TIMUR', '1992-10-20', 'P', 'Islam', 'INDONESIA', NULL, NULL, NULL, NULL, NULL, 'BATAM', '08', 'TK', 'jjnannah480@gmail.com', 'OPERATOR', '66.676.017.8-307.000 ', 'Mandiri', '109-00-1386275-0', '17015000999', '0001280402561', 1, 0, 1, NULL, 3, 'nonfixed', 1);
INSERT INTO `pegawai` VALUES (263, 'PJ - 0705', 'MULA SONYA SIRAIT', '2171115509929007', 'PASAR BARU', '1992-09-15', 'P', 'Islam', 'INDONESIA', 'DORMITORY BLOK P14 #1-1', NULL, NULL, NULL, NULL, 'BATAM', '082386826733', 'TK', 'sonyasirait92@gmail.com', 'OPERATOR', '77.031.546.3-215.000', 'Mandiri', '109-00-1549803-3', '19074102609', '0001610886071', 0, 0, 1, NULL, NULL, 'nonfixed', 1);
INSERT INTO `pegawai` VALUES (266, 'PJ - 0708', 'HARIYANTI', '2171124209859009', 'MEDAN', '1985-09-02', 'P', 'Islam', 'INDONESIA', 'BUKIT SAKINAH BLOK THORIQ I NO. 11', NULL, NULL, NULL, NULL, NULL, '081277212240', 'K2', 'yy1991183@gmail.com', 'OPERATOR', '59.311.706.2-111.000 ', 'Mandiri', '109-00-1780486-5', '19056671357', '0002304095591', 0, 0, 1, NULL, NULL, 'nonfixed', 1);
INSERT INTO `pegawai` VALUES (267, 'PJ - 0709', 'DEA APRIYELDA', '1401014104000001', 'PESISIR SELATAN', '2000-04-01', 'P', 'Islam', 'INDONESIA', 'BUKIT AYU LESTARI BLOK A2 NO. 36', NULL, NULL, NULL, NULL, NULL, '082288892927', 'TK', 'deaapriyelda23@gmail.com', 'OPERATOR', '53.415.288.8-225.000 ', 'Mandiri', '109-00-1806177-0', '20003820899', '000289422022', 0, 0, 1, NULL, NULL, 'nonfixed', 1);
INSERT INTO `pegawai` VALUES (269, 'PJ - 0711', 'TRI SUMARSIH', '3402175702920001', 'BANTUL', '1992-02-17', 'P', 'Islam', 'INDONESIA', 'BIDADARI C2 NO. 20 TG. PIAYU', NULL, NULL, NULL, NULL, NULL, '081276511724', 'K0', 'Chandal93putri@gmail.com', 'OPERATOR', '69.965.468.7-543.000 ', 'Mandiri', '109-00-1812587-2', '20009040104', '0000094624007', 0, 0, 1, NULL, NULL, 'nonfixed', 1);
INSERT INTO `pegawai` VALUES (271, 'PJ - 0713', 'RENNA YENI MARIANA HUTAGALUNG', '1205065409920007', 'SELAYANG', '1992-09-14', 'P', 'KRISTEN', 'INDONESIA', 'KOMP. CIPTA PERSADA BLOK A NO. 12', '004', NULL, NULL, 'BATU AJI', NULL, '0813 7223 70', 'TK', 'maria.ana081372237095@gmail.com', 'OPERATOR', '98.603.160.7-215.000', 'Mandiri', '109-00-1491227-3', '20025798867', '0001865287416', 0, 0, 1, NULL, NULL, 'nonfixed', 0);
INSERT INTO `pegawai` VALUES (273, 'PJ - 0715', 'JUREFNI', '2171124101830000', 'PASAR DURIAN', '1983-01-01', 'P', 'Islam', 'INDONESIA', 'PERUM. TAMAN PESONA INDAH BLOK B4 NO.9', '2', NULL, NULL, 'BATU AJI', 'BATAM', '0812 7527 63', 'TK/1', 'Jurefni83@gmail.com', 'OPERATOR', '49.144.336.2-215.000 ', 'Mandiri', '109-00-1159878-6', '19074102575', '0001136794779', 1, 0, 1, NULL, 3, 'nonfixed', 1);
INSERT INTO `pegawai` VALUES (274, 'PJ - 0716', 'YELLY FEBNIWATI', '1304064902860002', 'PATAMEH', '1989-02-09', 'P', 'ISLAM', 'INDONESIA', 'PERUM MKI 1 BLOK CL NO. 03', '005', NULL, NULL, 'BATU AJI', NULL, '0823 8362 91', 'K2', 'yellypebniwati090290@gmail.com', 'OPERATOR', NULL, 'Mandiri', '109-00-1821476-7', '20025798842', '0001276896824', 0, 0, 1, NULL, NULL, 'nonfixed', 1);
INSERT INTO `pegawai` VALUES (276, 'PJ - 0718', 'KASMALINA', '1104026408000002', 'ARUL RELEM', '2000-04-03', 'P', 'Islam', 'INDONESIA', 'PERUM PERMATA PURI II BLOK R NO. 10', NULL, NULL, NULL, NULL, NULL, '0822 8352 45', 'TK', 'ikasmalina@gmail.com', 'OPERATOR', '94.533.786.3-104.000', 'Mandiri', '109-00-1827071-0', '20031518515', '0002317933607', 1, 0, 1, NULL, 3, 'nonfixed', 1);
INSERT INTO `pegawai` VALUES (288, 'PJ - 0730', 'RINTA YULIATI', '1304104304960003', 'SUMANIK', '1996-04-03', 'P', 'ISLAM', 'INDONESIA', 'PERUM GRIYA BATU AJI ASRI TAHAP 1 BLOK X NO.24', '006', NULL, NULL, NULL, 'BATAM', '085274136732', 'TK', 'Rhintayulianti@gmail.com', 'OPERATOR', NULL, 'Mandiri', '109-00-1672972-5', '20059963205', '0000275505322', 0, 0, 1, NULL, NULL, 'nonfixed', 1);
INSERT INTO `pegawai` VALUES (289, 'PJ - 0731', 'SUSANTI', '2171124406880001', 'MEDAN', '1988-06-04', 'P', 'Islam', 'INDONESIA', 'BUKIT SAKINAH BLOK THORIQ I NO. 11', NULL, NULL, NULL, NULL, NULL, '085263042576', 'TK', 'chantikyut@gmail.com', 'OPERATOR', NULL, 'Mandiri', '109-00-1779073-4', '20059963296', '0001448020574', 0, 0, 1, NULL, NULL, 'nonfixed', 1);
INSERT INTO `pegawai` VALUES (291, 'PJ - 0733', 'AGUSTINA SAFITRI WULANDARI TARIHORAN', '1201154707960004', 'SIBOLGA', '1996-07-07', 'P', 'ISLAM', 'INDONESIA', 'PERUM CITRA LAGUNA II A,5 NO. 9', NULL, NULL, NULL, NULL, NULL, '081534354729', 'TK', 'akuagustina9@gmail.com', 'OPERATOR', NULL, 'Mandiri', '109-00-1757613-3', '13007327748', '0001790699321', 0, 0, 1, NULL, NULL, 'nonfixed', 1);
INSERT INTO `pegawai` VALUES (292, 'PJ - 0734', 'RATI KARLINA', '1301084102940004', 'AMPALU', '1994-02-01', 'P', 'ISLAM', 'INDONESIA', 'PERUMNAS GRIYA PERMATA BLOK A NO 262', '0', NULL, NULL, NULL, 'BATAM', '081275532189', 'TK', 'karlinarati5@gmail.com', 'OPERATOR', NULL, 'Mandiri', '109-00-1495600-7', '20059963221', '0001871394783', 0, 0, 1, NULL, NULL, 'nonfixed', 1);
INSERT INTO `pegawai` VALUES (293, 'PJ - 0735', 'RATI PUJI ASTUTI', '2171055710989002', 'PULAU AWENG', '1998-10-17', 'P', 'ISLAM', 'INDONESIA', 'KOMP. VIEWTOWN', NULL, NULL, NULL, NULL, NULL, '', 'TK', 'ratipujiastuti1098@gmail.com', 'OPERATOR', '86.234.463.7-225.000', 'Mandiri', '109-00-1642092-9', '20059963247', '0000364011985', 0, 0, 1, NULL, NULL, 'nonfixed', 1);
INSERT INTO `pegawai` VALUES (294, 'PJ - 0736', 'RATNA ELFIYANI', '2171114808929002', 'CILACAP', '1992-08-08', 'P', 'ISLAM', 'INDONESIA', 'PERUM HPM BLOK L NO 04', '0', NULL, NULL, NULL, 'BATAM', '085925767672', 'TK', 'ratnaalfiani30@gmail.com', 'OPERATOR', '16.202.638.9.215.000', 'Mandiri', NULL, '20059963270', '0001494779589', 0, 0, 1, NULL, NULL, 'nonfixed', 1);
INSERT INTO `pegawai` VALUES (295, 'PJ - 0737', 'ERMA MURNIATI', '2171097007969005', 'BATAM', '1996-07-30', 'P', 'ISLAM', 'INDONESIA', 'BENGKONG TENGAH', '3', NULL, NULL, 'BENGKONG', 'BATAM', '082174063341', 'TK', 'iazriyansah@gmail.com', 'OPERATOR', NULL, 'Mandiri', NULL, '20059963213', '0000366157348', 0, 0, 1, NULL, NULL, 'nonfixed', 1);
INSERT INTO `pegawai` VALUES (297, 'PJ - 0740', 'DILA KARLINA', '1301084203970006', 'KOTO PANJANG ', '1997-03-02', 'P', 'ISLAM', 'INDONESIA', 'PERUM GRIYA PRIMA BLOK F NO. 24', NULL, NULL, NULL, NULL, NULL, '0823 8843 28', 'TK', 'dilakarlina97@gmail.com', 'OPERATOR', '94.317.941.6-205.000', 'Mandiri', '109-00-1821463-5', '180007184791', '0002421924535', 1, 0, 1, NULL, 3, 'nonfixed', 1);
INSERT INTO `pegawai` VALUES (298, 'PJ - 0746', 'NOVRYANTY MANURUNG', '2171114111869006', 'BATAM', '1986-11-01', 'P', 'KRISTEN', 'INDONESIA', 'BATU AJI KAV LAMA BATAM JLN. SEKOLAH NO. 3', NULL, NULL, NULL, NULL, NULL, '0813 6421 66', 'TK', 'Novryanty.manurung@gmail.com', 'OPERATOR', '59.368.980.5-215.000', 'Mandiri', '109-00-1443930-1', '13023399408', '0001496618976', 0, 0, 1, NULL, NULL, 'nonfixed', 1);
INSERT INTO `pegawai` VALUES (299, 'PJ - 0742', 'YENI KURNIAWATI', '2171126410939002', 'JEMBER', '1993-10-24', 'P', 'Islam', 'INDONESIA', 'DEVIN PREMIERE MSRIMA BLOK B1 NO. 89', NULL, NULL, NULL, NULL, NULL, '0823 8484 19', 'K1', 'imamefge@gmail.com', 'OPERATOR', '71.460.068.1-215.000', 'Mandiri', '109-00-1484009-4', '20031518523', '0001615500461', 0, 0, 1, NULL, NULL, 'nonfixed', 1);
INSERT INTO `pegawai` VALUES (301, 'PJ - 0807', 'DEUIS SARTIKA', '2171104404819008', 'SUKABUMI', '1981-04-04', 'P', 'ISLAM', 'INDONESIA', 'TAMAN RAYA TAHAP I BLOK EE NO. 19', '003', NULL, NULL, 'BATAM KOTA', 'BATAM', '089653568934', 'K1', 'rezekihallal9@gmail.com', 'OPERATOR', '55.561.545.9-215.000', 'Mandiri', NULL, '21034800389', '0002891220467', 1, 0, 1, NULL, 3, 'nonfixed', 1);
INSERT INTO `pegawai` VALUES (303, 'PJ - 0809', 'FERAWATY NAPITUPULU', '1272067008930004', 'PANEI TONGA', '1993-08-30', 'P', 'KRISTEN', 'INDONESIA', 'MKGR BLOK KARYA NYATA', NULL, NULL, NULL, NULL, 'BATAM', '085296410824', 'TK', 'ferawatyna@gmail.com', 'OPERATOR', NULL, 'Mandiri', '109-00-1883786-6', '21034800413', '0000263871731', 1, 0, 1, NULL, 3, 'nonfixed', 1);
INSERT INTO `pegawai` VALUES (304, 'PJ - 0810', 'MASRIANI HARAHAP', '2171025107880001', 'MANDASIP', '1988-07-11', 'P', 'ISLAM', 'INDONESIA', 'PERMATA PURI II BLOK S NO. 7', '004', NULL, NULL, 'BATU AJI', 'BATAM', '081381811547', 'K2', 'suprianto.vivo7899@gmail.com', 'OPERATOR', '78.357.121.9-215.000', 'Mandiri', '109-00-1883766-6', '21034800421', '0003083244175', 0, 0, 1, NULL, NULL, 'nonfixed', 0);
INSERT INTO `pegawai` VALUES (306, 'PJ - 0873', 'MAHDALENA SIKUMBANG', '2171115607820001', 'MEDAN', '1982-07-16', 'P', 'ISLAM', 'INDONESIA', 'PERUM RINDANG GARDEN ', NULL, NULL, NULL, NULL, 'BATAM', '081270024821', 'K3', 'lenasikumbang78@gmail.com', 'OPERATOR', '68.058.338.2-215.000', 'Mandiri', '109-00-1916648-7', '21050659982', '0001824981311', 0, 0, 1, NULL, NULL, 'nonfixed', 0);
INSERT INTO `pegawai` VALUES (307, 'PJ - 0889', 'SUSMIATI ', '2171036510850008', 'MUARA PANAS', '1985-10-25', 'P', 'Islam', 'INDONESIA', 'PERUM BUKIT SAKINAH BLOK THOFIL II NO.11', '2', NULL, NULL, 'BATU AJI', 'BATAM', '0', 'K2', 'susmiatinauri@gmail.com', 'OPERATOR', '49.066.026.3-215.000 ', 'Mandiri', '109-00-1718315-3', '21058034337', '0001146548722', 1, 0, 1, NULL, 3, 'nonfixed', 1);
INSERT INTO `pegawai` VALUES (308, 'PJ - 0887', 'RINA OKTARYANA', '1403085210964480', 'LEMANG', '1996-10-12', 'P', 'ISLAM', 'INDONESIA', 'PERUM BENIH RAYA BLOK C5 NO 4', NULL, NULL, NULL, NULL, 'BATAM', '081267196698', 'K1', 'Rinaoktaryana2017@gmail.com', 'OPERATOR', '72.877.378.9-219.000 ', 'Mandiri', '109-00-1938926-1', '21058034279', 'ikut suami', 1, 0, 1, NULL, 3, 'nonfixed', 1);
INSERT INTO `pegawai` VALUES (309, 'PJ - 0899', 'ZAHRATUL FITRIAH', '2171114712029003', 'BATAM', '2002-12-07', 'P', 'Islam', 'INDONESIA', 'SAGULUNG SUMBER SARI C10 18', NULL, NULL, NULL, NULL, 'BATAM', '082171487409', 'TK', 'zahratulfitriah07@gmail.com', 'OPERATOR', '63.521.423.2-225.000 ', 'Mandiri', NULL, '21066761244', '0001496248468', 0, 0, 1, NULL, NULL, 'nonfixed', 1);
INSERT INTO `pegawai` VALUES (356, 'PJ - 0669', 'LINCERIA SIANIPAR', '1202134301950002', 'PURBATUA', '1995-01-03', 'P', 'KRISTEN', 'INDONESIA', 'PERUM MASYEBA INDAH', NULL, NULL, NULL, NULL, NULL, '082385409685', 'K0', NULL, 'OPERATOR', '70.758.537.8-215.000', 'Mandiri', '900-00-2087264-5', '20009040088', '0001322118944', 1, 0, 1, NULL, 3, 'nonfixed', 1);
INSERT INTO `pegawai` VALUES (358, 'PJ - 0744', 'PUTI HATI LATURE', '2171114306879000', NULL, '1987-06-03', 'P', 'ISLAM', 'INDONESIA', NULL, NULL, NULL, NULL, NULL, 'BATAM', '', 'K2', 'putihatilature@gmail.com', 'OPERATOR', '98.434.122.2-215.000 ', 'Mandiri', '109-00-1195518-4', NULL, NULL, 1, 0, 1, NULL, 3, 'nonfixed', 1);
INSERT INTO `pegawai` VALUES (364, 'PJ - 0957', 'RICO PRADITO', '2171060106999004', 'KLATEN', '1999-06-01', 'L', 'Islam', 'INDONESIA', NULL, NULL, NULL, NULL, NULL, 'BATAM', '087874575781', 'TK', NULL, 'IT STAFF', NULL, NULL, NULL, NULL, NULL, 1, 0, 1, NULL, 3, 'nonfixed', 1);
INSERT INTO `pegawai` VALUES (365, 'PJ - 0958', 'WINDA SYAFITRI', '2171114705110008', 'BATAM', '2001-05-07', 'P', 'ISLAM', 'INDONESIA', NULL, NULL, NULL, NULL, NULL, 'BATAM', '', 'TK', NULL, 'OPERATOR', NULL, NULL, NULL, NULL, NULL, 0, 0, 1, NULL, NULL, 'nonfixed', 1);
INSERT INTO `pegawai` VALUES (393, NULL, 'DESI MONALISA BR MANURUNG', '-', 'Medan', '1993-12-10', 'P', 'ISLAM', 'Indonesia', 'Perumahan Senawangi RT/RW 2 Buliang Batu Aji', '2', NULL, NULL, 'Batu Aji', 'Batam', '', 'TK', NULL, 'Project JBS-OWS', NULL, NULL, NULL, NULL, NULL, 0, 0, 1, NULL, NULL, 'nonfixed', 1);
INSERT INTO `pegawai` VALUES (394, NULL, 'RIANA MARSAULINA SIMATUPANG', '-', 'PEMATANGSIANTAR', '1997-06-15', 'P', 'KRISTEN', 'INDONESIA', 'JL.S.M RAJA', '010', NULL, NULL, 'SIANTAR MA', 'MEDAN', '', 'TK', NULL, 'PROJECT JBS-OWS', NULL, NULL, NULL, NULL, NULL, 0, 0, 1, NULL, NULL, 'nonfixed', 1);
INSERT INTO `pegawai` VALUES (399, 'PJ-', 'Sri Rahayu', '21', 'Kubang', '1975-03-05', 'L', 'Islam', 'INDONESIA', 'Fortuna Raya 2 Blok JJ No. 25', NULL, NULL, NULL, NULL, NULL, '08', 'K2', NULL, 'Leader ', '57.228.762.1-215.000 ', NULL, NULL, NULL, NULL, 1, 0, 1, NULL, 3, 'nonfixed', 1);
INSERT INTO `pegawai` VALUES (400, NULL, 'DEFI MELIA ', '2171125905819002', 'Padang Panjang', '1981-05-19', 'L', 'Islam', NULL, NULL, NULL, NULL, NULL, NULL, NULL, '', 'K0', NULL, 'Operator', '59.321.321.8-215.000 ', NULL, NULL, NULL, NULL, 0, 0, 1, NULL, NULL, 'nonfixed', 1);
INSERT INTO `pegawai` VALUES (401, NULL, 'Mira Kristanti', '', NULL, '1973-07-30', 'P', 'ISLAM', NULL, NULL, NULL, NULL, NULL, NULL, NULL, '', 'TK/2', NULL, 'Operator', NULL, NULL, NULL, NULL, NULL, 1, 0, 1, NULL, 3, 'nonfixed', 1);
INSERT INTO `pegawai` VALUES (402, 'PJ-', 'Dedy Chandra', '21', 'Pekanbaru', '1989-08-05', 'L', 'Islam', 'INDONESIA', NULL, NULL, NULL, NULL, NULL, NULL, '081261470455', 'K3', NULL, 'Leader Project', NULL, NULL, NULL, NULL, NULL, 1, 0, 1, NULL, 3, 'nonfixed', 0);
INSERT INTO `pegawai` VALUES (403, NULL, 'MOHAMMAD ICHWAN RIZKY KURNIA', '2171111309979001', 'BATAM', '1997-09-13', 'L', 'Islam', 'INDONESIA', 'KAV LAMA SAGULUNG SENTOSA NO 74', NULL, NULL, NULL, NULL, NULL, '08117779914', 'TK', NULL, 'IT', NULL, 'MANDIRI', '1090017926122', NULL, NULL, 1, 0, 1, NULL, 3, 'fix', 0);
INSERT INTO `pegawai` VALUES (404, NULL, 'Vinaria', '', 'Sawah lunto', '1983-11-12', 'P', 'ISLAM', NULL, NULL, NULL, NULL, NULL, NULL, NULL, '', 'TK/2', NULL, 'Operator ', '46.515.657.8-203.000 ', NULL, NULL, NULL, NULL, 1, 0, 1, NULL, 3, 'nonfixed', 1);
INSERT INTO `pegawai` VALUES (405, 'PJ - 0997', 'Desrina sartika', '21', 'SAWAHLUNTO', '1983-12-10', 'P', 'Islam', 'INDONESIA', 'TEMBESI LESTARI', NULL, NULL, NULL, NULL, NULL, '08', 'K3', NULL, 'Operator', '58.075.237.6-215.000 ', NULL, NULL, NULL, NULL, 1, 0, 1, NULL, 3, 'nonfixed', 1);
INSERT INTO `pegawai` VALUES (406, 'PJ', 'TESSA SINTYA SARI', '2171096504990001', 'BATAM', '1999-04-25', 'P', 'Islam', 'INDONESIA', 'BENGKONG INDAH 2 BLOK D NO 13 ', '04', '01', NULL, 'BENGKONG', 'BATAM', '08163681577', 'TK', 'tessasintya2504@gmail.com', 'ADMIN ACCOUNTING', '94.295.455.3-225.000', NULL, NULL, NULL, NULL, 1, 0, 1, NULL, 3, 'nonfixed', 1);
INSERT INTO `pegawai` VALUES (453, 'PJ', 'ZULFIKAR', '2171102408859009', 'Pangkalan Susu', '1985-08-24', 'L', 'Islam', 'INDONESIA', 'Ruko Dreamland Square. Blok H2 no 12A', '003', NULL, NULL, 'Sekupang', 'Batam', '085261416146', 'K0', 'zulfikar@panji-jaya.co.id', 'A', '97.170.233.7-215.000 ', 'Mandiri', '1917525106', NULL, NULL, 0, 0, 1, NULL, NULL, 'nonfixed', 1);
INSERT INTO `pegawai` VALUES (456, NULL, 'Anova Rumate', '21711450879', 'Manado', '1979-08-05', 'P', 'ISLAM', 'INDONESIA', 'Tembesi Tower', '3', NULL, NULL, NULL, 'Batam', '08121884060', 'K3', NULL, 'Operator', '59.343.222.2-215.000 ', NULL, NULL, NULL, NULL, 1, 0, 1, NULL, 3, 'nonfixed', 1);
INSERT INTO `pegawai` VALUES (457, NULL, 'Riyah', '16710471882005', 'Supat 31', '1982-08-31', 'P', 'Islam', 'INDONESIA', 'Perumahan Central FFS NO 19', NULL, NULL, NULL, NULL, 'Batam', '08776935547', 'K3', NULL, 'Operator', NULL, NULL, NULL, NULL, NULL, 1, 0, 1, NULL, 3, 'nonfixed', 1);
INSERT INTO `pegawai` VALUES (458, 'PJ-', 'Rahma yati', '130501570702001', 'Padang ', '2002-10-17', 'P', 'Islam', 'INDONESIA', 'Batu Aji', NULL, NULL, NULL, NULL, NULL, '083801371135', 'TK', NULL, 'Inspeksi', '65.406.776.8-201.000 ', NULL, NULL, NULL, NULL, 1, 0, 1, NULL, 3, 'nonfixed', 1);
INSERT INTO `pegawai` VALUES (459, 'PJ-TES', 'Suci lestary', '131204711202001', 'Tinggam', '2002-12-31', 'P', 'Islam', 'INDONESIA', 'Perumahan Griya PERMATA', NULL, NULL, NULL, NULL, 'Batam', '082285217071', 'TK', NULL, 'Operator', '53.066.195.8-202.000 ', NULL, NULL, NULL, '0000281878795', 1, 0, 1, NULL, 3, 'nonfixed', 1);
INSERT INTO `pegawai` VALUES (460, 'PJ', 'Putri yosephine situmeang', '1271196807930003', 'Medan ', '1993-07-23', 'P', 'Islam', 'INDONESIA', 'BENGKONG PKJ BLOK A4 NO.17 A. SADAI BATAM-KEPULAUAN RIAU', '02', NULL, NULL, 'BENGKONG', 'BATAM', '081996234510', 'TK', 'putri_yosephine@yahoo.co.id', 'HR', NULL, 'BCA', '0613298972', '14021312641', '0001380574383', 1, 0, 1, NULL, 3, 'nonfixed', 1);
INSERT INTO `pegawai` VALUES (461, NULL, 'WINARNI', '340104610289001', NULL, '1989-02-21', 'L', 'Islam', 'INDONESIA', NULL, NULL, NULL, NULL, NULL, NULL, '', 'K3', NULL, 'Operator', '98.547.270.3-215.000 ', NULL, NULL, NULL, NULL, 0, 0, 1, NULL, NULL, 'nonfixed', 1);
INSERT INTO `pegawai` VALUES (462, 'PJ-', 'DENADA ANTONIKA', '1304136601000001', 'BALAI TENGGAH', '2000-01-26', 'L', 'Islam', 'INDONESIA', NULL, NULL, NULL, NULL, NULL, NULL, '081277336403', 'TK', NULL, 'OPERATOR', NULL, NULL, NULL, NULL, NULL, 0, 0, 1, NULL, NULL, 'nonfixed', 1);
INSERT INTO `pegawai` VALUES (463, 'PJ', 'RAMADHANI SAPUTRI', '1305055111030001', 'S', '2003-11-11', 'L', 'Islam', 'INDONESIA', NULL, NULL, NULL, NULL, NULL, NULL, '08', 'TK', NULL, 'OPERATOR', NULL, NULL, NULL, NULL, NULL, 0, 0, 1, NULL, NULL, 'nonfixed', 1);
INSERT INTO `pegawai` VALUES (464, NULL, 'SRIYANI', '2171076704809004', NULL, '1980-04-27', 'L', 'ISLAM', 'INDONESIA', NULL, NULL, NULL, NULL, NULL, NULL, '', 'K2', NULL, 'OPERATOR', '69.636.236.7-215.001 ', NULL, NULL, NULL, NULL, 0, 0, 1, NULL, NULL, 'nonfixed', 0);
INSERT INTO `pegawai` VALUES (465, 'PJ', 'Voni Julianti ', '1305015307010001', 'Ganting', '2001-07-13', 'P', 'Islam', 'INDONESIA', 'Genting- KOTO BURUAK ', '000', '000', NULL, 'LUBUK ALUN', NULL, '083182559911', 'TK', 'juliantivoni474@gmail.com', 'OPERATOR ', '42.764.674.0-225.000 ', NULL, NULL, NULL, NULL, 1, 0, 1, NULL, 3, 'nonfixed', 1);
INSERT INTO `pegawai` VALUES (466, NULL, 'MAHANANI NALENDRA', '3302025612980001', 'Magelang', '1998-12-16', 'P', 'ISLAM', 'INDONESIA', 'Perumahan Central Raya ', NULL, NULL, NULL, NULL, 'Batam', '081270678786', 'TK', 'mahananinaicndra@gmail.com', 'OPERATOR', '926.431.677.524.000 ', NULL, NULL, NULL, NULL, 1, 0, 1, NULL, 3, 'nonfixed', 1);
INSERT INTO `pegawai` VALUES (467, NULL, 'Friskayana Purba', '120827550202002', 'Dolok saratus', '2002-02-15', 'P', 'Islam', 'INDONESIA', 'Perum puripesonab no 8', '001', '015', NULL, 'Batu Aji', 'Batam', '085270842030', 'TK', 'Friskayanapurba@gmail.com', 'OPERATOR', NULL, NULL, NULL, NULL, NULL, 1, 0, 1, NULL, 3, 'nonfixed', 1);
INSERT INTO `pegawai` VALUES (468, '0', 'NOVIKA RONIDA NAHAMPUN', '2171115611989005', 'BATAM', '1998-11-16', 'P', 'Islam', 'INDONESIA', 'PUTRAMORO INDAH 2 BLOK  NO 12', NULL, NULL, NULL, NULL, 'BATAM', '0813638812', 'TK', NULL, 'OPERATOR', '90.313.011.0-225.000', NULL, NULL, NULL, NULL, 0, 0, 1, NULL, NULL, 'nonfixed', 1);
INSERT INTO `pegawai` VALUES (469, '0', 'BERLIAN FIATRA', '1307027008010001', 'PAYAKUMBUH', '2001-08-30', 'P', 'Islam', 'INDONESIA', 'Perum muka kuning indah', NULL, NULL, NULL, NULL, 'BATAM', '0822115054', 'TK', NULL, 'OPERATOR', '60.244.871.4-225.000', NULL, NULL, NULL, NULL, 0, 0, 1, NULL, NULL, 'nonfixed', 1);
INSERT INTO `pegawai` VALUES (470, NULL, 'HERLINA NOVITA S', '2171116011039006', 'Batam', '2003-11-20', 'P', 'Islam', 'INDONESIA', 'Tembesi Lesrari', NULL, NULL, NULL, NULL, 'Batam', '081275922510', 'TK', NULL, 'OPERATOR', '65.730.311.1-225.000', NULL, NULL, NULL, NULL, 1, 0, 1, NULL, 3, 'nonfixed', 1);
INSERT INTO `pegawai` VALUES (471, 'PJ', 'HAMIDAH FITRIANI', '210204580297006', 'TG BALAI', '1997-02-18', 'P', 'Islam', 'INDONESIA', 'Botania Garden', NULL, NULL, NULL, NULL, 'Batam', '082390426633', 'TK', NULL, 'OPERATOR', NULL, NULL, NULL, NULL, NULL, 1, 0, 1, NULL, 3, 'nonfixed', 1);
INSERT INTO `pegawai` VALUES (477, '0', 'Yulia Ivani', '2171124407969001', 'Selat Panjang ', '1996-07-04', 'P', 'Islam', 'INDONESIA', 'Plamo Garden pg Batam Center', NULL, NULL, NULL, NULL, 'Batam', '08998877895', 'TK', 'yulia.ivani4@gmail.com', 'Acconting', '88.873.967.9-215.000 ', NULL, NULL, NULL, '0002941403049', 0, 0, 1, NULL, NULL, 'nonfixed', 1);
INSERT INTO `pegawai` VALUES (478, '0', 'Ramona Margareta', '160130700.930001', 'Palembang ', '1993-03-30', 'P', 'Islam', 'INDONESIA', 'Medio Raya Blok K no 5', NULL, NULL, NULL, NULL, NULL, '082178192431', 'K2', NULL, 'Operator  ', '730909611302000', NULL, NULL, NULL, NULL, 0, 0, 1, NULL, NULL, 'nonfixed', 1);
INSERT INTO `pegawai` VALUES (480, 'PJ - 1036', 'Mei  Andriani', '170312610303001', 'Pasarketana', '2003-05-21', 'P', 'Islam', 'INDONESIA', 'kAPITAL RAYA BELIAN', NULL, NULL, NULL, NULL, 'Batam', '085788184280', 'TK', NULL, 'OPERATOR', '606068989328000', NULL, NULL, NULL, NULL, 0, 0, 1, NULL, NULL, 'nonfixed', 1);
INSERT INTO `pegawai` VALUES (481, '0', 'Hayattul Laila', '1305046108020002', 'Padang Panjang', '2002-08-21', 'P', 'Islam', 'INDONESIA', 'Perum pesenabuktlagunatanun piyayu', NULL, NULL, NULL, NULL, 'Batam', '081364431360', 'TK', NULL, 'OPERATOR', NULL, NULL, NULL, NULL, NULL, 0, 0, 1, NULL, NULL, 'nonfixed', 1);
INSERT INTO `pegawai` VALUES (482, '0', 'Bambang Sutopo', '2171032912719003', 'Jakarta', '1971-12-29', 'L', 'Kristen Protestan', 'INDONESIA', 'Tamn eirine Blok J no 15', '001', '014', NULL, 'Sekupang', 'Batam', '08117000241', 'K1', 'Bambang@panji-jaya.co.id', 'Marketing', '477401921215000', NULL, NULL, NULL, NULL, 0, 0, 1, NULL, NULL, 'nonfixed', 1);
INSERT INTO `pegawai` VALUES (483, NULL, 'KHAYZA AULIA NATHANIA', '2171016908029003', 'BATAM', '2002-08-29', 'P', 'Islam', 'INDONESIA', 'Belakang padang ', NULL, NULL, 'null', NULL, 'Batam', '08', 'TK', NULL, 'OPERATOR ', NULL, NULL, NULL, NULL, '0000364817261', 0, 0, 1, NULL, NULL, 'nonfixed', 1);
INSERT INTO `pegawai` VALUES (484, NULL, 'Khayaa aulia hathania', '217101908029003', 'Batam', '2000-08-29', 'P', 'ISLAM', 'INDONESIA', 'Belakang Padang ', NULL, NULL, NULL, NULL, 'Batam', '087897918409', 'TK', NULL, 'Oprator ', NULL, NULL, NULL, NULL, NULL, 0, 0, 1, NULL, NULL, 'nonfixed', 1);
INSERT INTO `pegawai` VALUES (486, 'PJ-1051', 'WISNORA', '2171126209799002', 'Pangian', '1979-09-22', 'P', 'Islam', 'INDONESIA', 'Genta 1 Blok 4 CL02', NULL, NULL, 'null', NULL, 'Batam', '081372241778', 'TK/2', NULL, 'Operator', NULL, NULL, NULL, NULL, NULL, 1, 0, 1, NULL, 3, 'nonfixed', 1);
INSERT INTO `pegawai` VALUES (488, 'PJ-', 'Claudine ivane sitompul', '2171114410010001', 'Batam', '2001-10-04', 'P', 'Islam', 'INDONESIA', 'Sagulung sempurna ', '003', '005', NULL, 'Sagulung', 'Batam', '089523777092', 'TK', NULL, 'Operator', NULL, NULL, NULL, NULL, NULL, 1, 0, 1, NULL, 3, 'nonfixed', 0);
INSERT INTO `pegawai` VALUES (489, 'PJ-1052', 'Linda', '1671075104020014', 'Palembang', '2002-04-11', 'P', 'Islam', 'INDONESIA', 'Jln Perinstrian 2', '068', '014', NULL, 'Sukarmi', 'Batam', '089609376440', 'TK', NULL, 'Operator', NULL, NULL, NULL, NULL, NULL, 0, 0, 1, NULL, NULL, 'nonfixed', 1);
INSERT INTO `pegawai` VALUES (491, 'PJ-1061', 'RENI YUSNIBAR', '2171125009779001', 'sUNGAI SALAK', '1977-09-10', 'P', 'Islam', 'INDONESIA', 'Perum Benih raya Blok D2 no 09', '005', '015', NULL, 'Sekupang ', 'Batam', '081364717631', 'K3', NULL, 'OPERATOR ', NULL, NULL, NULL, NULL, NULL, 1, 0, 1, NULL, 3, 'nonfixed', 1);
INSERT INTO `pegawai` VALUES (492, 'PJ-1071', 'Windi Parwati', '1110065505010001', 'Aceh Singkil', '2001-05-15', 'P', 'Islam', 'INDONESIA', 'Muka kuning pratama lig', NULL, NULL, NULL, NULL, 'Batam', '081261396675', 'TK', NULL, 'Acconting', NULL, NULL, NULL, NULL, NULL, 1, 0, 1, NULL, 3, 'nonfixed', 1);
INSERT INTO `pegawai` VALUES (493, 'PJ-1069', 'Nur Ipmawati', '2171074511879001', 'Magelang ', '1987-11-05', 'P', 'Islam', 'INDONESIA', 'Perum mki  I Blok Ak 04', NULL, NULL, NULL, NULL, 'Batam', '087889411768', 'K0', NULL, 'Operator', NULL, NULL, NULL, NULL, NULL, 1, 0, 1, NULL, 3, 'nonfixed', 1);
INSERT INTO `pegawai` VALUES (494, 'PJ-1070', 'Rina Nofrita Sari', '2171114802849001', 'Sungai Salak', '1984-02-08', 'P', 'Islam', 'INDONESIA', 'Perum Galaxy parak azno 10', NULL, NULL, NULL, NULL, 'Batam', '082268583745', 'K2', NULL, 'Operator', NULL, NULL, NULL, NULL, NULL, 0, 0, 1, NULL, NULL, 'nonfixed', 1);
INSERT INTO `pegawai` VALUES (495, 'PJ-071', 'ALDO PRABOWO', '217102270992004', 'Medan ', '1992-09-27', 'L', 'Islam', 'INDONESIA', 'Batu mera atas ', '024', '007', NULL, 'Batu ampar', 'batam', '081270056778', 'K2', NULL, 'Welder', '555311737215000', NULL, NULL, NULL, NULL, 0, 0, 1, NULL, NULL, 'nonfixed', 1);
INSERT INTO `pegawai` VALUES (496, 'PJ-1077', 'RATNA ALFIYANI', '217111480808929002', 'Cilacap', '1992-08-08', 'P', 'Islam', 'INDONESIA', 'Perum HP M2 Blok L no 04', NULL, NULL, NULL, NULL, 'Batam', '081373155185', 'K1', NULL, 'OPerator', '162026389215000', 'Mandiri', '1090017183195', NULL, NULL, 1, 0, 1, NULL, 3, 'nonfixed', 1);
INSERT INTO `pegawai` VALUES (497, 'PJ-1112', 'HAFSAH NURUL QURAINI', '2171115206030002', 'Batam', '2003-06-12', 'P', 'Islam', 'INDONESIA', 'Perumahan graha nusa B', '001', '021', NULL, 'Sagulung', 'Batam', '082288157930', 'TK', NULL, 'OPERATOR', NULL, NULL, NULL, NULL, NULL, 0, 0, 1, NULL, NULL, 'nonfixed', 1);
INSERT INTO `pegawai` VALUES (498, 'PJ-1114', 'Pipit ayu lestari', '3306115205970004', 'Purworejo', '1997-05-12', 'P', 'Islam', 'INDONESIA', 'Griya Batu Aji Asri Bio', '002', '016', NULL, 'Sagulung', 'Batam', '085215588180', 'K1', NULL, 'OPERATOR', NULL, NULL, NULL, NULL, NULL, 1, 0, 1, NULL, 3, 'nonfixed', 1);
INSERT INTO `pegawai` VALUES (499, 'PJ-1113', 'Irvana Sabella Dyna Rizky', '217107581098001', 'TUAPAYA', '1998-10-13', 'P', 'Islam', 'INDONESIA', 'Bida Ayu Blok. B5 NO.17', '001', '013', NULL, 'Sungai Bed', 'Batam', '082288839313', 'TK', NULL, 'OPERATOR', '921559183225000', NULL, NULL, NULL, NULL, 0, 0, 1, NULL, NULL, 'nonfixed', 1);
INSERT INTO `pegawai` VALUES (500, 'PJ-1132', 'RANI ANISA', '1371114305950005', 'Padang ', '1995-05-03', 'P', 'Islam', 'INDONESIA', 'Perumahan pesona bukit laguna 2 blok FT4 no 9 piyayu', NULL, NULL, 'null', NULL, 'Batam', '081949440728', 'K2', NULL, 'Operator', '724530886201000', NULL, NULL, NULL, NULL, 0, 0, 1, NULL, NULL, 'nonfixed', 1);
INSERT INTO `pegawai` VALUES (501, 'PJ-1131', 'NOVITA DEWI SOFIANTI', '2171114711039008', 'Batam', '2003-11-07', 'P', 'Islam', 'INDONESIA', 'Geriya Batu aji asri  G8', NULL, NULL, 'null', NULL, 'Batam', '088270805904', 'TK', NULL, 'Operator', '40834696322500', NULL, NULL, NULL, NULL, 0, 0, 1, NULL, NULL, 'nonfixed', 1);
INSERT INTO `pegawai` VALUES (502, 'PJ-1136', 'Nurcahyanti', '210106621087003', 'Numbing ', '1987-10-22', 'P', 'Islam', 'INDONESIA', 'Numbing Bintan ', NULL, NULL, NULL, NULL, 'Bintan', '081267452492', 'K1', NULL, 'Operator ', NULL, NULL, NULL, NULL, NULL, 1, 0, 1, NULL, 3, 'nonfixed', 1);
INSERT INTO `pegawai` VALUES (503, 'PJ-1137', 'Sutriani', '352309470493007', 'Tuban', '1993-04-07', 'P', 'Islam', 'INDONESIA', 'Perumahan kampoleng daunanog', NULL, NULL, NULL, NULL, 'Batam', '085234728274', 'K0', NULL, 'Operator ', '9806466749648000', NULL, NULL, NULL, NULL, 1, 0, 1, NULL, 3, 'nonfixed', 1);
INSERT INTO `pegawai` VALUES (504, 'PJ-1138', 'DEWITA OKTAVIANTI', '2171095551869004', 'Pasarabaa', '1986-10-15', 'P', 'Islam', 'INDONESIA', 'Bengkong Mahkota', NULL, NULL, 'null', NULL, 'Batam ', '083183500057', 'K2', NULL, 'Operator', NULL, NULL, NULL, NULL, NULL, 0, 0, 1, NULL, NULL, 'nonfixed', 1);
INSERT INTO `pegawai` VALUES (505, 'PJ-1139', 'Diah Permata Nita', '2171115601950003', 'Batam', '1995-01-16', 'P', 'Islam', 'INDONESIA', 'Kavl sumber seraya', NULL, NULL, NULL, NULL, 'Batam', '082284650551', 'K1', NULL, 'Operator ', NULL, NULL, NULL, NULL, NULL, 1, 0, 1, NULL, 3, 'nonfixed', 1);
INSERT INTO `pegawai` VALUES (506, 'PJ-1140', 'Suryatno', '3305162002760001', 'Jakarta', '2023-07-05', 'L', 'Islam', 'INDONESIA', 'Taman BPPINdah Blok cn 052', NULL, NULL, NULL, NULL, 'Batam', '089636179399', 'K3', NULL, 'Projek', NULL, NULL, NULL, NULL, NULL, 0, 0, 1, NULL, NULL, 'nonfixed', 1);
INSERT INTO `pegawai` VALUES (507, 'PJ-1142', 'FITRI AULYA', '1721035701010004', 'Batam', '2001-01-17', 'L', 'Islam', 'INDONESIA', 'Tiban Lama', '002', '012', 'null', 'Sekupang', 'Batam', '08566662174', 'TK', NULL, 'Admin', '434585659215000', NULL, NULL, NULL, NULL, 1, 0, 1, NULL, 3, 'nonfixed', 1);
INSERT INTO `pegawai` VALUES (508, 'PJ', 'Zalfa athifah putri sandy', '2171125010039001', 'Batam', '2003-10-10', 'P', 'Islam', 'INDONESIA', 'Muka kuning peraii JL. Pbatang no 286', '004', '020', NULL, 'batu aji', 'batam', '081374115890', 'TK', NULL, 'Operator', '408789402225000', NULL, NULL, NULL, NULL, 1, 0, 1, NULL, 3, 'nonfixed', 1);
INSERT INTO `pegawai` VALUES (509, 'PJ-', 'Sri Wahyu Ningsih', '130207410994002', 'cupak', '1994-09-01', 'P', 'Islam', 'INDONESIA', 'Perumahan taman lestari Blok C14 NO 34', '003', '0255', NULL, 'Batu aji', 'Batam', '021277984244', 'K2', NULL, 'Oprator', '95581954201', NULL, NULL, NULL, NULL, 0, 0, 1, NULL, NULL, 'nonfixed', 1);
INSERT INTO `pegawai` VALUES (510, 'PJ-', 'Ririn Yuli Valentin', '1610156107990002', 'Lubuk Keliat ', '1999-07-21', 'P', 'Islam', 'INDONESIA', 'Dusun II', '000', '000', NULL, 'Lubuk Keli', 'Ogan Ilir', '081278569477', 'TK', NULL, 'Operator', '413647975312000', NULL, NULL, NULL, NULL, 1, 0, 1, NULL, 3, 'nonfixed', 1);
INSERT INTO `pegawai` VALUES (511, 'PJ - 1173', 'Astri Nofia Sitorus', '1233177006030001', 'Parbutaran', '2003-06-30', 'P', 'Islam', 'INDONESIA', 'Perumahan  MCITRAPENDAWAASARI', NULL, NULL, NULL, NULL, 'Batam', '081370917954', 'TK', NULL, 'Operator ', '434707295117000', NULL, NULL, NULL, NULL, 0, 0, 1, NULL, NULL, 'nonfixed', 1);
INSERT INTO `pegawai` VALUES (512, 'PJ - 1173', 'Astri Nofia Sitorus', '121317700603001', 'Parbutaran', '2003-06-30', 'P', 'Islam', 'INDONESIA', 'Perumahan MCITRAPENDAWAASARI', NULL, NULL, NULL, NULL, 'Batam', '081370917954', 'TK', NULL, 'Operator', '434707295117000', 'Mandiri', NULL, NULL, NULL, 0, 0, 1, NULL, NULL, 'nonfixed', 0);
INSERT INTO `pegawai` VALUES (513, 'PJ-1198', 'SINTIA PRISTIKA', '1306136406030002', 'Bawan', '2004-06-24', 'P', 'Islam', 'INDONESIA', 'Padang cakuajor ongpasar padang ', NULL, NULL, 'null', NULL, NULL, '083840613309', 'TK', NULL, 'Operator ', '605410059225000', NULL, NULL, '0001504469913', NULL, 0, 0, 1, NULL, NULL, 'nonfixed', 1);
INSERT INTO `pegawai` VALUES (514, 'PJ-1197', 'Rahmi Nedra Yulaila', '1304025007020004', 'Tanjung Barulak', '2002-07-10', 'P', 'Islam', 'INDONESIA', 'Cluster Melati Garden ', NULL, NULL, NULL, NULL, 'Batam', '083852531336', 'TK', NULL, 'Operator', NULL, NULL, NULL, NULL, NULL, 1, 0, 1, NULL, 3, 'nonfixed', 1);
INSERT INTO `pegawai` VALUES (515, 'PJ-1195', 'Dewi Rida Sri Duma RR', '1408037006010001', 'Minas ', '2001-06-30', 'P', 'Kristen Protestan', 'INDONESIA', 'Jl simpang Perawang Pekan baru', '003', '007', NULL, 'Minas', 'Kabupaten ', '081273757399', 'TK', NULL, 'Operator', '41794220822500', NULL, NULL, NULL, NULL, 1, 0, 1, NULL, 3, 'nonfixed', 1);
INSERT INTO `pegawai` VALUES (516, 'PJ-1196', 'Elisa Krismon', '1301064302980002', 'Bengkulu ', '1998-02-03', 'P', 'Islam', 'INDONESIA', 'Ambacang Kamba', '000', '000', NULL, 'Bayang ', 'Kabupaten ', '081378275862', 'TK', NULL, 'Operator', '948314067205000', NULL, NULL, NULL, NULL, 1, 0, 1, NULL, 3, 'nonfixed', 1);
INSERT INTO `pegawai` VALUES (517, 'PJ-', 'M. Sari Wani ', '1404021803760003', 'Sungai ambat', '1976-03-18', 'P', 'Islam', 'INDONESIA', NULL, NULL, NULL, NULL, NULL, NULL, '0', 'K1', NULL, 'Operator', NULL, NULL, NULL, NULL, NULL, 1, 0, 1, NULL, 3, 'nonfixed', 1);
INSERT INTO `pegawai` VALUES (518, 'PJ-', 'Fieman Pangeran Lubis', '2171022408929002', 'Batam', '1992-08-24', 'L', 'Islam', 'INDONESIA', NULL, NULL, NULL, NULL, NULL, NULL, '0', 'TK', NULL, 'A', NULL, NULL, NULL, NULL, NULL, 0, 0, 1, NULL, NULL, 'nonfixed', 1);
INSERT INTO `pegawai` VALUES (519, 'PJ', 'Firman Pangeran Lubis ', '2171022408929002', 'Batam', '1992-08-24', 'L', 'Islam', 'INDONESIA', NULL, NULL, NULL, NULL, NULL, NULL, 's', 'TK', NULL, 'A', NULL, NULL, NULL, NULL, NULL, 1, 0, 1, NULL, 3, 'nonfixed', 1);
INSERT INTO `pegawai` VALUES (521, 'PJ-', 'Aolanda Perdana Putri', '1301057101010001', 'Painan', '2001-01-31', 'P', 'Islam', 'INDONESIA', 'Fila muka kuning ', NULL, NULL, NULL, NULL, 'Batam', '082288515012', 'TK', 'aolanda@panji-jaya.co.id', 'Drafter', '505925972205000', NULL, NULL, NULL, NULL, 1, 0, 1, NULL, 3, 'nonfixed', 1);
INSERT INTO `pegawai` VALUES (522, 'PJ-1238', 'WENDRA SAPUTRA', '1371081006870006', 'Padang', '1987-05-31', 'L', 'Islam', 'indonesia', 'Simpang Raya Blok Fo 3A', NULL, NULL, NULL, NULL, NULL, '083145556800', 'K3', NULL, 'Driver', NULL, NULL, NULL, NULL, NULL, 1, 0, 1, NULL, 3, 'nonfixed', 0);
INSERT INTO `pegawai` VALUES (523, 'PJ-1256', 'NURUL WAHIDA EFENDI ', '2171096110010002', 'PAINAN ', '2001-10-20', 'P', 'Islam', 'indonesia', 'Bengkong Indah II Blok D No 14', '04', '01', 'SADAI ', 'BENGKONG', 'BATAM', '081366671704', 'TK', 'nurulwahidaefendi@gmail.com', 'OPERATOR ', '965439375225000', NULL, NULL, NULL, NULL, 1, 0, 1, NULL, 3, 'nonfixed', 0);
INSERT INTO `pegawai` VALUES (524, 'PJ-1259', 'RAHMI', '3277035203040010', 'BUKIT TINGGI', '2004-03-11', 'P', 'Islam', 'indonesia', 'TIBAN LAMA ', '04', '06', 'TIBAN ', 'SEKUPANG', 'BATAM', '081223857150', 'TK', 'RAHMIAMI5678@GMAIL.COM', 'OPERATOR', NULL, NULL, NULL, NULL, NULL, 1, 0, 1, NULL, 3, 'nonfixed', 0);
INSERT INTO `pegawai` VALUES (525, 'PJ-1257', 'ARLINA ELVIANNISA', '1376025609960002', 'PEKANBARU', '1996-09-15', 'P', 'Islam', 'indonesia', 'CIPTA ASRI BLOK K NO 60', '004', '012', 'TEMBESI', 'SAGULUNG', 'BATAM', '085198027899', 'K1', 'arlinaelviannisa8@gmail.com', 'OPERATOR', '751222035204000', NULL, NULL, NULL, '0000284834092', 1, 0, 1, NULL, 3, 'nonfixed', 0);
INSERT INTO `pegawai` VALUES (526, 'PJ-1258', 'RISMAYANNY DALIMUNTHE ', '12770562109900010', 'TAHALAK', '1999-10-21', 'P', 'Islam', 'indonesia', 'KAVLING SAGULUNG BARU BLOK R NO NO 25', '004', '006', 'SUNGAI BINTI ', 'SAGULUNG', 'BATAM', '082169086778', 'K1', 'YANNYDALIMUNTHERISMA@GAMAIL.COM', 'OPERATOR', NULL, NULL, NULL, NULL, NULL, 1, 0, 1, NULL, 3, 'nonfixed', 0);
INSERT INTO `pegawai` VALUES (527, NULL, 'ANNISA PUTRI ASMARA', '2171114904049009', 'DEMAK', '2004-04-08', 'P', 'Islam', 'indonesia', 'BUANA IMPIAN I BLOK G NO 9 TEMBESI BATAM ', '002', '014', 'TEMBESI ', 'SAGULUNG', 'BATAM', '082195575116', 'TK', 'annisaasmara79@gmail.com', 'OPERATOR', NULL, NULL, NULL, NULL, '0001615498986', 0, 0, 1, NULL, NULL, 'nonfixed', 0);
INSERT INTO `pegawai` VALUES (528, NULL, 'ANNISA PUTRI ASMARA', '2171114904049009', 'DEMAK', '2004-04-08', 'P', 'Islam', 'indonesia', 'BUANA IMPIAN I BLOK G NO 9 ', '002', '014', 'TEMEBSI ', 'SAGULUNG', 'BATAM', '082195575116', 'TK', 'ANNISAASMARA79@GAMIL.COM', 'OPERATOR', NULL, NULL, NULL, NULL, '0001615498986', 0, 0, 1, NULL, NULL, 'nonfixed', 0);
INSERT INTO `pegawai` VALUES (529, 'PJ-1262', 'RIRIN SRI EKOWATI', '2171114909839004', 'MALANG', '1983-09-09', 'P', 'Islam', 'indonesia', 'PERUM SIERRA BLOK C NO 2 ', '003', '010', 'BUKIT TEMPAYAN', 'BATU AJI ', 'BATAM', '0819810717', 'K2', 'EKOWATIRIRIN279@GMAIL.COM', 'OPERATOR', '162473672215000', NULL, NULL, NULL, '-1', 1, 0, 1, NULL, 3, 'nonfixed', 0);
INSERT INTO `pegawai` VALUES (530, NULL, 'YOLLA ELISANDI', '2171094307989002', 'BATAM', '1998-07-02', 'P', 'Islam', 'indonesia', NULL, NULL, NULL, NULL, NULL, NULL, '', 'TK', NULL, 'HSE', NULL, NULL, NULL, NULL, NULL, 0, 0, 1, NULL, NULL, 'nonfixed', 0);
INSERT INTO `pegawai` VALUES (531, NULL, 'IWANSYAH EPENDI', '2171030908919005', 'OGAN LIMA', '1991-08-08', 'L', 'Islam', 'indonesia', 'Taman Batu Aji Indah II Blok J No. 10', '004', '007', 'Sagulung Kota', 'Sagulung', 'Batam', '082169118843', 'K1', NULL, 'Elektrikal', '966450261215000', NULL, NULL, NULL, NULL, 0, 0, 1, NULL, NULL, 'nonfixed', 0);
INSERT INTO `pegawai` VALUES (532, 'PJ-1270', 'SISKA GUSNIRA ', '1306086710980002', 'PILADANG', '1998-10-26', 'P', 'Islam', 'indonesia', 'GRIYA BATU AJI ASRI BLOK Q NO 8 TAHAP I ', '04', '16', 'SUNGAI LANGKAI ', 'SAGULUNG ', 'BATAM ', '082386156246', 'K1', 'SISKAGUSNIRA@GAMIL.COM', 'OPERATOR ', NULL, NULL, NULL, NULL, NULL, 1, 0, 1, NULL, 3, 'nonfixed', 0);
INSERT INTO `pegawai` VALUES (533, 'PJ-1271', 'SRI PUTRI BELA', '2171125312979002', 'BATAM', '1997-12-12', 'P', 'Islam', 'indonesia', 'KAVLING SAGULUNG BARU BLOK S NO 2', '005', '006', 'SUNGAI BINTI ', 'SAGULUNG ', 'BATAM ', '082283032529', 'TK', 'PPUTRIBELLA@GMAIL.COM', 'OPERATOR ', NULL, NULL, NULL, NULL, NULL, 0, 0, 1, NULL, NULL, 'nonfixed', 0);
INSERT INTO `pegawai` VALUES (534, 'PJ-1272', 'CHINTIA RAHMATUL FITRI ', '1302105203000003', 'SOLOK ', '2000-03-11', 'P', 'Islam', 'indonesia', 'BATU AJI PASAR GENTA I BLOK F13 ', '003', '21', 'BULIANG ', 'BATU AJI ', 'BATAM', '082392020104', 'TK', 'CHINTIARAHMATULFITRI@GMAIL.COM', 'OPERATOR ', '214163131203000', NULL, NULL, NULL, NULL, 1, 0, 1, NULL, 3, 'nonfixed', 0);
INSERT INTO `pegawai` VALUES (535, 'PJ-1286', 'ALDA SINTA ', '1302105612050003', 'Panyakalan', '2005-12-15', 'P', 'Islam', 'indonesia', 'Kampung Dalam, Balo indah Kec Lubuk Baja Kota Batam ', NULL, NULL, NULL, NULL, 'Batam ', '083180208681', 'TK', 'aldasinta0@gmail.com', 'Operator', NULL, NULL, NULL, NULL, NULL, 1, 0, 1, NULL, 3, 'nonfixed', 0);
INSERT INTO `pegawai` VALUES (536, 'PJ-1289', 'GIVA NAJWA', '1374016609050001', 'Padang Panjang', '2005-09-25', 'P', 'Islam', 'indonesia', 'JL Pelita 7D No 1 Kavling Lubuk baja ', '02', '03', 'Kampung Pelita ', 'Lubuk Baja ', 'Batam', '0895339268175', 'TK', 'Ghivanajwa7@gmail.com', 'Operator', '212946032225000', NULL, NULL, NULL, NULL, 1, 0, 1, NULL, 3, 'nonfixed', 0);
INSERT INTO `pegawai` VALUES (537, NULL, 'WINDY CHINDIANA OCTAVIANI', '2171116810979003', 'Batam ', '1997-10-27', 'P', 'Islam', 'indonesia', 'Griya batu aji asri Blok H No 20', '03', '16', 'Sungai langkai ', 'sagulung', 'Batam', '081277649792', 'TK', 'Windycoctaviani@gmail.com', 'Operator ', '937648020225000', NULL, NULL, NULL, NULL, 1, 0, 1, NULL, 3, 'nonfixed', 0);
INSERT INTO `pegawai` VALUES (538, 'PJ-1288', 'ERLI WELLEN SIREGAR ', '085664008059', 'RANTAU PRAPAT', '2003-04-08', 'P', 'Kristen Protestan', 'indonesia', 'MKGR Blok Akhlak No 30', '02', '24', 'Kibing ', 'Batu AJI ', 'Batam ', '085669008059', 'TK', 'erlierlisiregar@gmail.com', 'Operator', '0768810852225000', NULL, NULL, NULL, NULL, 1, 0, 1, NULL, 3, 'nonfixed', 0);
INSERT INTO `pegawai` VALUES (539, 'PJ-1287', 'YUNITA TITIAN UMI ', '5308166903060001', 'Kurulimbu ', '2006-03-28', 'P', 'Kristen Katolik', 'indonesia', 'Taman Batu Aji Indah 2 Blok AC No 25', '007', '008', 'Sagulung Kota', 'Sagulung', 'Batam ', '081236723785', 'TK', 'yunitatitianumi@gmail.com', 'Operator ', '207566894225000', NULL, NULL, NULL, NULL, 1, 0, 1, NULL, 3, 'nonfixed', 0);
INSERT INTO `pegawai` VALUES (540, 'PJ-1294', 'SARIANI TAMBA ', '1273046211920002', 'Sibolga ', '1992-11-21', 'P', 'Islam', 'indonesia', 'Perum Muka Kuning Indah 1 Blok AS No 24', '005', '004', 'Buliang', 'Batu AJI', 'Batam ', '082272868454', 'TK', 'sarianibely@gmail.com', 'Operator ', '762593218126000', NULL, NULL, NULL, NULL, 1, 0, 1, NULL, 3, 'nonfixed', 0);
INSERT INTO `pegawai` VALUES (541, 'PJ-1296', 'MELIANA P SAMOSIR ', '2171125602859008', 'PEMATANG SIANTAR ', '1985-02-01', 'P', 'Kristen Protestan', 'indonesia', 'PERUMAHAN BUKIT INDAH BLOK 16 BATU AJI ', '001', '018', 'KIBING ', 'BATU AJI ', 'BATAM ', '085384410630', 'TK', 'SAMOSIRMELI335@GMAIL.COM', 'OPERATOR ', '593379845215000', NULL, NULL, NULL, NULL, 0, 0, 1, NULL, NULL, 'nonfixed', 0);
INSERT INTO `pegawai` VALUES (542, 'PJ - 1321', 'RUBI HARIYANI', '1218035308860005', 'LIBERIA', '1986-08-07', 'P', 'Islam', 'indonesia', 'KAV. MANGSANG PERMAI BLOK M NO 34', NULL, NULL, 'MANGSANG', 'SEI BEDUK', 'BATAM', '085278127932', 'K2', NULL, 'OPERATOR', NULL, 'BRI', NULL, NULL, NULL, 1, 0, 1, NULL, 3, 'nonfixed', 0);

-- ----------------------------
-- Table structure for pegawai_history
-- ----------------------------
DROP TABLE IF EXISTS `pegawai_history`;
CREATE TABLE `pegawai_history`  (
  `id` int NOT NULL AUTO_INCREMENT,
  `pegawai_id` int NOT NULL,
  `tanggal` date NOT NULL,
  `jenis` enum('JOIN','REGISN') CHARACTER SET utf8mb4 COLLATE utf8mb4_unicode_ci NOT NULL,
  PRIMARY KEY (`id`) USING BTREE,
  INDEX `pegawai_history_pegawai_id_fkey`(`pegawai_id` ASC) USING BTREE,
  CONSTRAINT `pegawai_history_pegawai_id_fkey` FOREIGN KEY (`pegawai_id`) REFERENCES `pegawai` (`id`) ON DELETE RESTRICT ON UPDATE CASCADE
) ENGINE = InnoDB AUTO_INCREMENT = 3 CHARACTER SET = utf8mb4 COLLATE = utf8mb4_unicode_ci ROW_FORMAT = Dynamic;

-- ----------------------------
-- Records of pegawai_history
-- ----------------------------

-- ----------------------------
-- Table structure for roles
-- ----------------------------
DROP TABLE IF EXISTS `roles`;
CREATE TABLE `roles`  (
  `id` int NOT NULL AUTO_INCREMENT,
  `role_name` varchar(191) CHARACTER SET utf8mb4 COLLATE utf8mb4_unicode_ci NOT NULL,
  PRIMARY KEY (`id`) USING BTREE,
  UNIQUE INDEX `roles_role_name_key`(`role_name` ASC) USING BTREE
) ENGINE = InnoDB AUTO_INCREMENT = 2 CHARACTER SET = utf8mb4 COLLATE = utf8mb4_unicode_ci ROW_FORMAT = Dynamic;

-- ----------------------------
-- Records of roles
-- ----------------------------
INSERT INTO `roles` VALUES (1, 'ADMINISTRATOR');

-- ----------------------------
-- Table structure for shift
-- ----------------------------
DROP TABLE IF EXISTS `shift`;
CREATE TABLE `shift`  (
  `id` int NOT NULL AUTO_INCREMENT,
  `jam_masuk` time NULL DEFAULT NULL,
  `jam_pulang` time NULL DEFAULT NULL,
  `keterangan` varchar(191) CHARACTER SET utf8mb4 COLLATE utf8mb4_unicode_ci NULL DEFAULT NULL,
  `different_day` tinyint(1) NOT NULL DEFAULT 0,
  `cond_friday` int NOT NULL DEFAULT 0,
  `department_id` int NOT NULL,
  PRIMARY KEY (`id`) USING BTREE,
  INDEX `shift_department_id_fkey`(`department_id` ASC) USING BTREE,
  CONSTRAINT `shift_department_id_fkey` FOREIGN KEY (`department_id`) REFERENCES `department` (`id`) ON DELETE RESTRICT ON UPDATE CASCADE
) ENGINE = InnoDB AUTO_INCREMENT = 7 CHARACTER SET = utf8mb4 COLLATE = utf8mb4_unicode_ci ROW_FORMAT = Dynamic;

-- ----------------------------
-- Records of shift
-- ----------------------------
INSERT INTO `shift` VALUES (3, '07:50:00', '17:00:00', 'SHIFT - NORMAL', 0, 30, 1);
INSERT INTO `shift` VALUES (5, '06:50:00', '16:00:00', 'SHIFT - RAMADHAN', 0, 0, 1);

-- ----------------------------
-- Table structure for sub_department
-- ----------------------------
DROP TABLE IF EXISTS `sub_department`;
CREATE TABLE `sub_department`  (
  `id` int NOT NULL AUTO_INCREMENT,
  `nama_sub_department` varchar(191) CHARACTER SET utf8mb4 COLLATE utf8mb4_unicode_ci NOT NULL,
  `created_at` datetime NULL DEFAULT NULL,
  `is_deleted` tinyint(1) NOT NULL DEFAULT 0,
  `department_id` int NOT NULL,
  `leader` int NULL DEFAULT NULL,
  `manager` int NULL DEFAULT NULL,
  `supervisor` int NULL DEFAULT NULL,
  PRIMARY KEY (`id`) USING BTREE,
  UNIQUE INDEX `sub_department_nama_sub_department_key`(`nama_sub_department` ASC) USING BTREE,
  INDEX `sub_department_department_id_fkey`(`department_id` ASC) USING BTREE,
  INDEX `sub_department_leader_fkey`(`leader` ASC) USING BTREE,
  INDEX `sub_department_supervisor_fkey`(`supervisor` ASC) USING BTREE,
  INDEX `sub_department_manager_fkey`(`manager` ASC) USING BTREE,
  CONSTRAINT `sub_department_department_id_fkey` FOREIGN KEY (`department_id`) REFERENCES `department` (`id`) ON DELETE RESTRICT ON UPDATE CASCADE,
  CONSTRAINT `sub_department_leader_fkey` FOREIGN KEY (`leader`) REFERENCES `user` (`id`) ON DELETE SET NULL ON UPDATE CASCADE,
  CONSTRAINT `sub_department_manager_fkey` FOREIGN KEY (`manager`) REFERENCES `user` (`id`) ON DELETE SET NULL ON UPDATE CASCADE,
  CONSTRAINT `sub_department_supervisor_fkey` FOREIGN KEY (`supervisor`) REFERENCES `user` (`id`) ON DELETE SET NULL ON UPDATE CASCADE
) ENGINE = InnoDB AUTO_INCREMENT = 11 CHARACTER SET = utf8mb4 COLLATE = utf8mb4_unicode_ci ROW_FORMAT = Dynamic;

-- ----------------------------
-- Records of sub_department
-- ----------------------------
INSERT INTO `sub_department` VALUES (1, 'MANAGEMENT', NULL, 0, 1, NULL, NULL, NULL);
INSERT INTO `sub_department` VALUES (2, 'HR', NULL, 0, 1, NULL, NULL, NULL);
INSERT INTO `sub_department` VALUES (3, 'BATTERY', NULL, 0, 1, NULL, NULL, NULL);
INSERT INTO `sub_department` VALUES (4, 'AUTOMOTIVE', NULL, 0, 1, NULL, NULL, NULL);
INSERT INTO `sub_department` VALUES (5, 'NKA', NULL, 0, 1, NULL, NULL, NULL);
INSERT INTO `sub_department` VALUES (6, 'PROJECT', NULL, 0, 1, NULL, NULL, NULL);
INSERT INTO `sub_department` VALUES (8, 'TESTING', NULL, 1, 1, 8, NULL, NULL);
INSERT INTO `sub_department` VALUES (9, 'TESTING2', NULL, 1, 1, NULL, 8, NULL);

-- ----------------------------
-- Table structure for user
-- ----------------------------
DROP TABLE IF EXISTS `user`;
CREATE TABLE `user`  (
  `id` int NOT NULL AUTO_INCREMENT,
  `username` varchar(191) CHARACTER SET utf8mb4 COLLATE utf8mb4_unicode_ci NOT NULL,
  `password` varchar(191) CHARACTER SET utf8mb4 COLLATE utf8mb4_unicode_ci NOT NULL,
  `name` varchar(191) CHARACTER SET utf8mb4 COLLATE utf8mb4_unicode_ci NULL DEFAULT NULL,
  `telp` varchar(191) CHARACTER SET utf8mb4 COLLATE utf8mb4_unicode_ci NULL DEFAULT NULL,
  `role_id` int NULL DEFAULT NULL,
  `created_at` datetime NULL DEFAULT NULL,
  `is_deleted` tinyint(1) NOT NULL DEFAULT 0,
  `pegawai_id` int NULL DEFAULT NULL,
  PRIMARY KEY (`id`) USING BTREE,
  UNIQUE INDEX `user_username_key`(`username` ASC) USING BTREE,
  INDEX `user_username`(`username` ASC) USING BTREE,
  INDEX `user_role_id`(`role_id` ASC) USING BTREE,
  INDEX `user_pegawai_id_fkey`(`pegawai_id` ASC) USING BTREE,
  CONSTRAINT `user_pegawai_id_fkey` FOREIGN KEY (`pegawai_id`) REFERENCES `pegawai` (`id`) ON DELETE SET NULL ON UPDATE CASCADE,
  CONSTRAINT `user_role_id_fkey` FOREIGN KEY (`role_id`) REFERENCES `roles` (`id`) ON DELETE SET NULL ON UPDATE CASCADE
) ENGINE = InnoDB AUTO_INCREMENT = 9 CHARACTER SET = utf8mb4 COLLATE = utf8mb4_unicode_ci ROW_FORMAT = Dynamic;

-- ----------------------------
-- Records of user
-- ----------------------------
INSERT INTO `user` VALUES (8, '08117779914', '$2b$10$JimwvtVcKPGUttPJGXGNe.UUGHh5Mr8V.doWan.FK7CiEf8sscZLy', 'MOHAMMAD ICHWAN RIZKY KURNIA', '08117779914', 1, NULL, 0, 403);

SET FOREIGN_KEY_CHECKS = 1;
